date,time,distance,cnt,pwm,uid
22/06/16,15:26:20,39,100,90,55
22/06/16,15:26:21,34,100,90,55
22/06/16,15:26:21,36,100,90,55
22/06/16,15:26:21,28,100,90,55
22/06/16,15:26:21,27,100,90,55
22/06/16,15:26:21,30,100,90,55
22/06/16,15:26:22,38,100,90,55
22/06/16,15:26:22,39,100,90,55
22/06/16,15:26:22,43,100,90,55
22/06/16,15:26:22,48,100,90,55
22/06/16,15:26:22,59,100,90,55
22/06/16,15:26:23,66,100,90,55
22/06/16,15:26:23,68,100,90,55
22/06/16,15:26:23,76,100,90,55
22/06/16,15:26:23,68,100,90,55
22/06/16,15:26:23,63,100,90,55
22/06/16,15:26:23,55,100,90,55
22/06/16,15:26:24,50,100,90,55
22/06/16,15:26:24,43,100,90,55
22/06/16,15:26:24,39,100,90,55
22/06/16,15:26:24,38,100,90,55
22/06/16,15:26:24,30,100,90,55
22/06/16,15:26:25,29,99,90,55
22/06/16,15:26:25,26,99,90,55
22/06/16,15:26:25,35,99,90,55
22/06/16,15:26:25,27,99,90,55
22/06/16,15:26:25,29,99,90,55
22/06/16,15:26:26,33,99,90,55
22/06/16,15:26:26,38,99,90,55
22/06/16,15:26:26,37,99,90,55
22/06/16,15:26:26,44,99,90,55
22/06/16,15:26:26,50,99,90,55
22/06/16,15:26:26,60,99,90,55
22/06/16,15:26:27,64,99,90,55
22/06/16,15:26:27,69,99,90,55
22/06/16,15:26:27,71,99,90,55
22/06/16,15:26:27,69,99,90,55
22/06/16,15:26:27,64,99,90,55
22/06/16,15:26:28,57,99,90,55
22/06/16,15:26:28,48,99,90,55
22/06/16,15:26:28,46,99,90,55
22/06/16,15:26:28,41,99,90,55
22/06/16,15:26:28,35,99,90,55
22/06/16,15:26:29,33,99,90,55
22/06/16,15:26:29,27,98,90,55
22/06/16,15:26:29,25,98,90,55
22/06/16,15:26:29,27,98,90,55
22/06/16,15:26:29,29,98,90,55
22/06/16,15:26:29,27,98,90,55
22/06/16,15:26:30,35,98,90,55
22/06/16,15:26:30,39,98,90,55
22/06/16,15:26:30,37,98,90,55
22/06/16,15:26:30,46,98,90,55
22/06/16,15:26:30,54,98,90,55
22/06/16,15:26:31,60,98,90,55
22/06/16,15:26:31,68,98,90,55
22/06/16,15:26:31,71,98,90,55
22/06/16,15:26:31,76,98,90,55
22/06/16,15:26:31,69,98,90,55
22/06/16,15:26:32,67,98,90,55
22/06/16,15:26:32,60,98,90,55
22/06/16,15:26:32,48,98,90,55
22/06/16,15:26:32,45,98,90,55
22/06/16,15:26:32,39,98,90,55
22/06/16,15:26:33,37,98,90,55
22/06/16,15:26:33,34,98,90,55
22/06/16,15:26:33,27,97,90,55
22/06/16,15:26:33,25,97,90,55
22/06/16,15:26:33,26,97,90,55
22/06/16,15:26:33,28,97,90,55
22/06/16,15:26:34,31,97,90,55
22/06/16,15:26:34,34,97,90,55
22/06/16,15:26:34,39,97,90,55
22/06/16,15:26:34,45,97,90,55
22/06/16,15:26:34,48,97,90,55
22/06/16,15:26:35,58,97,90,55
22/06/16,15:26:35,61,97,90,55
22/06/16,15:26:35,69,97,90,55
22/06/16,15:26:35,72,97,90,55
22/06/16,15:26:35,76,97,90,55
22/06/16,15:26:36,72,97,90,55
22/06/16,15:26:36,66,97,90,55
22/06/16,15:26:36,57,97,90,55
22/06/16,15:26:36,52,97,90,55
22/06/16,15:26:36,48,97,90,55
22/06/16,15:26:36,39,97,90,55
22/06/16,15:26:37,36,97,90,55
22/06/16,15:26:37,33,97,90,55
22/06/16,15:26:37,25,97,90,55
22/06/16,15:26:37,25,96,90,55
22/06/16,15:26:37,33,96,90,55
22/06/16,15:26:38,38,96,90,55
22/06/16,15:26:38,28,96,90,55
22/06/16,15:26:38,24,96,90,55
22/06/16,15:26:38,29,96,90,55
22/06/16,15:26:38,33,96,90,55
22/06/16,15:26:39,38,96,90,55
22/06/16,15:26:39,44,96,90,55
22/06/16,15:26:39,52,96,90,55
22/06/16,15:26:39,57,96,90,55
22/06/16,15:26:39,62,96,90,55
22/06/16,15:26:39,69,96,90,55
22/06/16,15:26:40,70,96,90,55
22/06/16,15:26:40,66,96,90,55
22/06/16,15:26:40,62,96,90,55
22/06/16,15:26:40,56,96,90,55
22/06/16,15:26:40,51,96,90,55
22/06/16,15:26:41,41,96,90,55
22/06/16,15:26:41,41,96,90,55
22/06/16,15:26:41,37,96,90,55
22/06/16,15:26:41,26,96,90,55
22/06/16,15:26:41,26,95,90,55
22/06/16,15:26:42,25,95,90,55
22/06/16,15:26:42,33,95,90,55
22/06/16,15:26:42,30,95,90,55
22/06/16,15:26:42,28,95,90,55
22/06/16,15:26:42,30,95,90,55
22/06/16,15:26:42,35,95,90,55
22/06/16,15:26:43,42,95,90,55
22/06/16,15:26:43,46,95,90,55
22/06/16,15:26:43,53,95,90,55
22/06/16,15:26:43,58,95,90,55
22/06/16,15:26:43,62,95,90,55
22/06/16,15:26:44,67,95,90,55
22/06/16,15:26:44,72,95,90,55
22/06/16,15:26:44,69,95,90,55
22/06/16,15:26:44,65,95,90,55
22/06/16,15:26:44,56,95,90,55
22/06/16,15:26:45,49,95,90,55
22/06/16,15:26:45,41,95,90,55
22/06/16,15:26:45,39,95,90,55
22/06/16,15:26:45,37,95,90,55
22/06/16,15:26:45,33,95,90,55
22/06/16,15:26:45,29,94,90,55
22/06/16,15:26:46,23,94,90,55
22/06/16,15:26:46,28,94,90,55
22/06/16,15:26:46,23,94,90,55
22/06/16,15:26:46,29,94,90,55
22/06/16,15:26:46,32,94,90,55
22/06/16,15:26:47,41,94,90,55
22/06/16,15:26:47,40,94,90,55
22/06/16,15:26:47,44,94,90,55
22/06/16,15:26:47,52,94,90,55
22/06/16,15:26:47,56,94,90,55
22/06/16,15:26:48,65,94,90,55
22/06/16,15:26:48,73,94,90,55
22/06/16,15:26:48,76,94,90,55
22/06/16,15:26:48,73,94,90,55
22/06/16,15:26:48,64,94,90,55
22/06/16,15:26:49,57,94,90,55
22/06/16,15:26:49,51,94,90,55
22/06/16,15:26:49,44,94,90,55
22/06/16,15:26:49,41,94,90,55
22/06/16,15:26:49,35,94,90,55
22/06/16,15:26:49,37,94,90,55
22/06/16,15:26:50,25,94,90,55
22/06/16,15:26:50,22,93,90,55
22/06/16,15:26:50,28,93,90,55
22/06/16,15:26:50,35,93,90,55
22/06/16,15:26:50,26,93,90,55
22/06/16,15:26:51,26,93,90,55
22/06/16,15:26:51,30,93,90,55
22/06/16,15:26:51,35,93,90,55
22/06/16,15:26:51,38,93,90,55
22/06/16,15:26:51,45,93,90,55
22/06/16,15:26:52,47,93,90,55
22/06/16,15:26:52,55,93,90,55
22/06/16,15:26:52,64,93,90,55
22/06/16,15:26:52,69,93,90,55
22/06/16,15:26:52,72,93,90,55
22/06/16,15:26:53,67,93,90,55
22/06/16,15:26:53,63,93,90,55
22/06/16,15:26:53,55,93,90,55
22/06/16,15:26:53,52,93,90,55
22/06/16,15:26:53,43,93,90,55
22/06/16,15:26:53,37,93,90,55
22/06/16,15:26:54,36,93,90,55
22/06/16,15:26:54,30,93,90,55
22/06/16,15:26:54,25,92,90,55
22/06/16,15:26:54,25,92,90,55
22/06/16,15:26:54,32,92,90,55
22/06/16,15:26:55,23,92,90,55
22/06/16,15:26:55,27,92,90,55
22/06/16,15:26:55,31,92,90,55
22/06/16,15:26:55,38,92,90,55
22/06/16,15:26:55,42,92,90,55
22/06/16,15:26:56,43,92,90,55
22/06/16,15:26:56,50,92,90,55
22/06/16,15:26:56,60,92,90,55
22/06/16,15:26:56,63,92,90,55
22/06/16,15:26:56,72,92,90,55
22/06/16,15:26:56,74,92,90,55
22/06/16,15:26:57,71,92,90,55
22/06/16,15:26:57,63,92,90,55
22/06/16,15:26:57,57,92,90,55
22/06/16,15:26:57,49,92,90,55
22/06/16,15:26:57,44,92,90,55
22/06/16,15:26:58,34,92,90,55
22/06/16,15:26:58,34,92,90,55
22/06/16,15:26:58,29,92,90,55
22/06/16,15:26:58,29,91,90,55
22/06/16,15:26:58,23,91,90,55
22/06/16,15:26:59,31,91,90,55
22/06/16,15:26:59,25,91,90,55
22/06/16,15:26:59,27,91,90,55
22/06/16,15:26:59,34,91,90,55
22/06/16,15:26:59,39,91,90,55
22/06/16,15:26:59,39,91,90,55
22/06/16,15:27:00,48,91,90,55
22/06/16,15:27:00,51,91,90,55
22/06/16,15:27:00,57,91,90,55
22/06/16,15:27:00,64,91,90,55
22/06/16,15:27:00,71,91,90,55
22/06/16,15:27:01,75,91,90,55
22/06/16,15:27:01,69,91,90,55
22/06/16,15:27:01,63,91,90,55
22/06/16,15:27:01,61,91,90,55
22/06/16,15:27:01,52,91,90,55
22/06/16,15:27:02,49,91,90,55
22/06/16,15:27:02,39,91,90,55
22/06/16,15:27:02,37,91,90,55
22/06/16,15:27:02,34,91,90,55
22/06/16,15:27:02,28,90,90,55
22/06/16,15:27:02,23,90,90,55
22/06/16,15:27:03,28,90,90,55
22/06/16,15:27:03,25,90,90,55
22/06/16,15:27:03,29,90,90,55
22/06/16,15:27:03,34,90,90,55
22/06/16,15:27:03,38,90,90,55
22/06/16,15:27:04,41,90,90,55
22/06/16,15:27:04,49,90,90,55
22/06/16,15:27:04,55,90,90,55
22/06/16,15:27:04,63,90,90,55
22/06/16,15:27:04,69,90,90,55
22/06/16,15:27:05,70,90,90,55
22/06/16,15:27:05,67,90,90,55
22/06/16,15:27:05,61,90,90,55
22/06/16,15:27:05,55,90,90,55
22/06/16,15:27:05,49,90,90,55
22/06/16,15:27:06,42,90,90,55
22/06/16,15:27:06,40,90,90,55
22/06/16,15:27:06,37,90,90,55
22/06/16,15:27:06,28,90,90,55
22/06/16,15:27:06,27,89,90,55
22/06/16,15:27:06,24,89,90,55
22/06/16,15:27:07,32,89,90,55
22/06/16,15:27:07,26,89,90,55
22/06/16,15:27:07,28,89,90,55
22/06/16,15:27:07,31,89,90,55
22/06/16,15:27:07,36,89,90,55
22/06/16,15:27:08,41,89,90,55
22/06/16,15:27:08,41,89,90,55
22/06/16,15:27:08,50,89,90,55
22/06/16,15:27:08,59,89,90,55
22/06/16,15:27:08,64,89,90,55
22/06/16,15:27:09,70,89,90,55
22/06/16,15:27:09,74,89,90,55
22/06/16,15:27:09,71,89,90,55
22/06/16,15:27:09,64,89,90,55
22/06/16,15:27:09,59,89,90,55
22/06/16,15:27:09,50,89,90,55
22/06/16,15:27:10,42,89,90,55
22/06/16,15:27:10,38,89,90,55
22/06/16,15:27:10,37,89,90,55
22/06/16,15:27:10,35,89,90,55
22/06/16,15:27:10,27,88,90,55
22/06/16,15:27:11,24,88,90,55
22/06/16,15:27:11,27,88,90,55
22/06/16,15:27:11,27,88,90,55
22/06/16,15:27:11,29,88,90,55
22/06/16,15:27:11,33,88,90,55
22/06/16,15:27:12,38,88,90,55
22/06/16,15:27:12,39,88,90,55
22/06/16,15:27:12,45,88,90,55
22/06/16,15:27:12,55,88,90,55
22/06/16,15:27:12,58,88,90,55
22/06/16,15:27:12,66,88,90,55
22/06/16,15:27:13,73,88,90,55
22/06/16,15:27:13,77,88,90,55
22/06/16,15:27:13,69,88,90,55
22/06/16,15:27:13,67,88,90,55
22/06/16,15:27:13,57,88,90,55
22/06/16,15:27:14,52,88,90,55
22/06/16,15:27:14,48,88,90,55
22/06/16,15:27:14,40,88,90,55
22/06/16,15:27:14,35,88,90,55
22/06/16,15:27:14,34,88,90,55
22/06/16,15:27:15,29,88,90,55
22/06/16,15:27:15,24,87,90,55
22/06/16,15:27:15,28,87,90,55
22/06/16,15:27:15,36,87,90,55
22/06/16,15:27:15,29,87,90,55
22/06/16,15:27:15,27,87,90,55
22/06/16,15:27:16,29,87,90,55
22/06/16,15:27:16,35,87,90,55
22/06/16,15:27:16,42,87,90,55
22/06/16,15:27:16,44,87,90,55
22/06/16,15:27:16,50,87,90,55
22/06/16,15:27:17,59,87,90,55
22/06/16,15:27:17,63,87,90,55
22/06/16,15:27:17,70,87,90,55
22/06/16,15:27:17,69,87,90,55
22/06/16,15:27:17,69,87,90,55
22/06/16,15:27:18,62,87,90,55
22/06/16,15:27:18,55,87,90,55
22/06/16,15:27:18,50,87,90,55
22/06/16,15:27:18,40,87,90,55
22/06/16,15:27:18,36,87,90,55
22/06/16,15:27:18,35,87,90,55
22/06/16,15:27:19,27,87,90,55
22/06/16,15:27:19,27,86,90,55
22/06/16,15:27:19,26,86,90,55
22/06/16,15:27:19,30,86,90,55
22/06/16,15:27:19,26,86,90,55
22/06/16,15:27:20,28,86,90,55
22/06/16,15:27:20,37,86,90,55
22/06/16,15:27:20,38,86,90,55
22/06/16,15:27:20,40,86,90,55
22/06/16,15:27:20,48,86,90,55
22/06/16,15:27:21,52,86,90,55
22/06/16,15:27:21,62,86,90,55
22/06/16,15:27:21,66,86,90,55
22/06/16,15:27:21,74,86,90,55
22/06/16,15:27:21,80,86,90,55
22/06/16,15:27:22,71,86,90,55
22/06/16,15:27:22,66,86,90,55
22/06/16,15:27:22,58,86,90,55
22/06/16,15:27:22,49,86,90,55
22/06/16,15:27:22,47,86,90,55
22/06/16,15:27:22,43,86,90,55
22/06/16,15:27:23,38,86,90,55
22/06/16,15:27:23,33,86,90,55
22/06/16,15:27:23,25,86,90,55
22/06/16,15:27:23,24,85,90,55
22/06/16,15:27:23,36,85,90,55
22/06/16,15:27:24,35,85,90,55
22/06/16,15:27:24,27,85,90,55
22/06/16,15:27:24,26,85,90,55
22/06/16,15:27:24,29,85,90,55
22/06/16,15:27:24,35,85,90,55
22/06/16,15:27:25,40,85,90,55
22/06/16,15:27:25,40,85,90,55
22/06/16,15:27:25,48,85,90,55
22/06/16,15:27:25,55,85,90,55
22/06/16,15:27:25,60,85,90,55
22/06/16,15:27:25,68,85,90,55
22/06/16,15:27:26,70,85,90,55
22/06/16,15:27:26,68,85,90,55
22/06/16,15:27:26,64,85,90,55
22/06/16,15:27:26,53,85,90,55
22/06/16,15:27:26,47,85,90,55
22/06/16,15:27:27,44,85,90,55
22/06/16,15:27:27,39,85,90,55
22/06/16,15:27:27,35,85,90,55
22/06/16,15:27:27,26,85,90,55
22/06/16,15:27:27,27,84,90,55
22/06/16,15:27:28,21,84,90,55
22/06/16,15:27:28,34,84,90,55
22/06/16,15:27:28,25,84,90,55
22/06/16,15:27:28,24,84,90,55
22/06/16,15:27:28,33,84,90,55
22/06/16,15:27:28,38,84,90,55
22/06/16,15:27:29,40,84,90,55
22/06/16,15:27:29,45,84,90,55
22/06/16,15:27:29,48,84,90,55
22/06/16,15:27:29,55,84,90,55
22/06/16,15:27:29,63,84,90,55
22/06/16,15:27:30,71,84,90,55
22/06/16,15:27:30,72,84,90,55
22/06/16,15:27:30,65,84,90,55
22/06/16,15:27:30,62,84,90,55
22/06/16,15:27:30,56,84,90,55
22/06/16,15:27:31,48,84,90,55
22/06/16,15:27:31,43,84,90,55
22/06/16,15:27:31,39,84,90,55
22/06/16,15:27:31,40,84,90,55
22/06/16,15:27:31,29,84,90,55
22/06/16,15:27:31,27,83,90,55
22/06/16,15:27:32,24,83,90,55
22/06/16,15:27:32,29,83,90,55
22/06/16,15:27:32,26,83,90,55
22/06/16,15:27:32,33,83,90,55
22/06/16,15:27:32,30,83,90,55
22/06/16,15:27:33,38,83,90,55
22/06/16,15:27:33,41,83,90,55
22/06/16,15:27:33,50,83,90,55
22/06/16,15:27:33,51,83,90,55
22/06/16,15:27:33,61,83,90,55
22/06/16,15:27:34,63,83,90,55
22/06/16,15:27:34,74,83,90,55
22/06/16,15:27:34,73,83,90,55
22/06/16,15:27:34,73,83,90,55
22/06/16,15:27:34,64,83,90,55
22/06/16,15:27:34,56,83,90,55
22/06/16,15:27:35,50,83,90,55
22/06/16,15:27:35,45,83,90,55
22/06/16,15:27:35,40,83,90,55
22/06/16,15:27:35,37,83,90,55
22/06/16,15:27:35,33,83,90,55
22/06/16,15:27:36,28,82,90,55
22/06/16,15:27:36,24,82,90,55
22/06/16,15:27:36,30,82,90,55
22/06/16,15:27:36,30,82,90,55
22/06/16,15:27:36,27,82,90,55
22/06/16,15:27:37,34,82,90,55
22/06/16,15:27:37,38,82,90,55
22/06/16,15:27:37,40,82,90,55
22/06/16,15:27:37,46,82,90,55
22/06/16,15:27:37,53,82,90,55
22/06/16,15:27:38,57,82,90,55
22/06/16,15:27:38,69,82,90,55
22/06/16,15:27:38,72,82,90,55
22/06/16,15:27:38,74,82,90,55
22/06/16,15:27:38,73,82,90,55
22/06/16,15:27:38,64,82,90,55
22/06/16,15:27:39,59,82,90,55
22/06/16,15:27:39,52,82,90,55
22/06/16,15:27:39,44,82,90,55
22/06/16,15:27:39,41,82,90,55
22/06/16,15:27:39,39,82,90,55
22/06/16,15:27:40,34,82,90,55
22/06/16,15:27:40,25,81,90,55
22/06/16,15:27:40,22,81,90,55
22/06/16,15:27:40,27,81,90,55
22/06/16,15:27:40,22,81,90,55
22/06/16,15:27:41,26,81,90,55
22/06/16,15:27:41,35,81,90,55
22/06/16,15:27:41,39,81,90,55
22/06/16,15:27:41,45,81,90,55
22/06/16,15:27:41,51,81,90,55
22/06/16,15:27:41,55,81,90,55
22/06/16,15:27:42,59,81,90,55
22/06/16,15:27:42,66,81,90,55
22/06/16,15:27:42,72,81,90,55
22/06/16,15:27:42,77,81,90,55
22/06/16,15:27:42,75,81,90,55
22/06/16,15:27:43,66,81,90,55
22/06/16,15:27:43,58,81,90,55
22/06/16,15:27:43,51,81,90,55
22/06/16,15:27:43,46,81,90,55
22/06/16,15:27:43,42,81,90,55
22/06/16,15:27:44,36,81,90,55
22/06/16,15:27:44,32,81,90,55
22/06/16,15:27:44,24,81,90,55
22/06/16,15:27:44,28,80,90,55
22/06/16,15:27:44,27,80,90,55
22/06/16,15:27:44,33,80,90,55
22/06/16,15:27:45,26,80,90,55
22/06/16,15:27:45,27,80,90,55
22/06/16,15:27:45,32,80,90,55
22/06/16,15:27:45,37,80,90,55
22/06/16,15:27:45,39,80,90,55
22/06/16,15:27:46,47,80,90,55
22/06/16,15:27:46,49,80,90,55
22/06/16,15:27:46,56,80,90,55
22/06/16,15:27:46,64,80,90,55
22/06/16,15:27:46,69,80,90,55
22/06/16,15:27:47,73,80,90,55
22/06/16,15:27:47,67,80,90,55
22/06/16,15:27:47,58,80,90,55
22/06/16,15:27:47,55,80,90,55
22/06/16,15:27:47,49,80,90,55
22/06/16,15:27:48,40,80,90,55
22/06/16,15:27:48,39,80,90,55
22/06/16,15:27:48,33,80,90,55
22/06/16,15:27:48,31,80,90,55
22/06/16,15:27:48,30,79,90,55
22/06/16,15:27:48,28,79,90,55
22/06/16,15:27:49,28,79,90,55
22/06/16,15:27:49,30,79,90,55
22/06/16,15:27:49,26,79,90,55
22/06/16,15:27:49,31,79,90,55
22/06/16,15:27:49,36,79,90,55
22/06/16,15:27:50,40,79,90,55
22/06/16,15:27:50,45,79,90,55
22/06/16,15:27:50,51,79,90,55
22/06/16,15:27:50,57,79,90,55
22/06/16,15:27:50,66,79,90,55
22/06/16,15:27:51,70,79,90,55
22/06/16,15:27:51,75,79,90,55
22/06/16,15:27:51,68,79,90,55
22/06/16,15:27:51,62,79,90,55
22/06/16,15:27:51,59,79,90,55
22/06/16,15:27:51,52,79,90,55
22/06/16,15:27:52,44,79,90,55
22/06/16,15:27:52,40,79,90,55
22/06/16,15:27:52,37,79,90,55
22/06/16,15:27:52,32,79,90,55
22/06/16,15:27:52,29,78,90,55
22/06/16,15:27:53,25,78,90,55
22/06/16,15:27:53,28,78,90,55
22/06/16,15:27:53,25,78,90,55
22/06/16,15:27:53,28,78,90,55
22/06/16,15:27:53,33,78,90,55
22/06/16,15:27:54,37,78,90,55
22/06/16,15:27:54,41,78,90,55
22/06/16,15:27:54,47,78,90,55
22/06/16,15:27:54,54,78,90,55
22/06/16,15:27:54,57,78,90,55
22/06/16,15:27:54,65,78,90,55
22/06/16,15:27:55,71,78,90,55
22/06/16,15:27:55,73,78,90,55
22/06/16,15:27:55,72,78,90,55
22/06/16,15:27:55,63,78,90,55
22/06/16,15:27:55,57,78,90,55
22/06/16,15:27:56,51,78,90,55
22/06/16,15:27:56,47,78,90,55
22/06/16,15:27:56,39,78,90,55
22/06/16,15:27:56,40,78,90,55
22/06/16,15:27:56,32,78,90,55
22/06/16,15:27:57,29,77,90,55
22/06/16,15:27:57,25,77,90,55
22/06/16,15:27:57,26,77,90,55
22/06/16,15:27:57,24,77,90,55
22/06/16,15:27:57,30,77,90,55
22/06/16,15:27:57,35,77,90,55
22/06/16,15:27:58,43,77,90,55
22/06/16,15:27:58,46,77,90,55
22/06/16,15:27:58,49,77,90,55
22/06/16,15:27:58,53,77,90,55
22/06/16,15:27:58,60,77,90,55
22/06/16,15:27:59,68,77,90,55
22/06/16,15:27:59,74,77,90,55
22/06/16,15:27:59,78,77,90,55
22/06/16,15:27:59,75,77,90,55
22/06/16,15:27:59,66,77,90,55
22/06/16,15:28:00,61,77,90,55
22/06/16,15:28:00,53,77,90,55
22/06/16,15:28:00,43,77,90,55
22/06/16,15:28:00,43,77,90,55
22/06/16,15:28:00,37,77,90,55
22/06/16,15:28:00,35,77,90,55
22/06/16,15:28:01,26,77,90,55
22/06/16,15:28:01,28,76,90,55
22/06/16,15:28:01,25,76,90,55
22/06/16,15:28:01,36,76,90,55
22/06/16,15:28:01,24,76,90,55
22/06/16,15:28:02,27,76,90,55
22/06/16,15:28:02,31,76,90,55
22/06/16,15:28:02,35,76,90,55
22/06/16,15:28:02,39,76,90,55
22/06/16,15:28:02,43,76,90,55
22/06/16,15:28:03,53,76,90,55
22/06/16,15:28:03,56,76,90,55
22/06/16,15:28:03,63,76,90,55
22/06/16,15:28:03,75,76,90,55
22/06/16,15:28:03,72,76,90,55
22/06/16,15:28:04,69,76,90,55
22/06/16,15:28:04,60,76,90,55
22/06/16,15:28:04,54,76,90,55
22/06/16,15:28:04,50,76,90,55
22/06/16,15:28:04,44,76,90,55
22/06/16,15:28:04,38,76,90,55
22/06/16,15:28:05,34,76,90,55
22/06/16,15:28:05,31,76,90,55
22/06/16,15:28:05,27,75,90,55
22/06/16,15:28:05,27,75,90,55
22/06/16,15:28:05,28,75,90,55
22/06/16,15:28:06,26,75,90,55
22/06/16,15:28:06,29,75,90,55
22/06/16,15:28:06,34,75,90,55
22/06/16,15:28:06,37,75,90,55
22/06/16,15:28:06,43,75,90,55
22/06/16,15:28:07,44,75,90,55
22/06/16,15:28:07,53,75,90,55
22/06/16,15:28:07,61,75,90,55
22/06/16,15:28:07,64,75,90,55
22/06/16,15:28:07,73,75,90,55
22/06/16,15:28:07,75,75,90,55
22/06/16,15:28:08,68,75,90,55
22/06/16,15:28:08,62,75,90,55
22/06/16,15:28:08,56,75,90,55
22/06/16,15:28:08,50,75,90,55
22/06/16,15:28:08,43,75,90,55
22/06/16,15:28:09,39,75,90,55
22/06/16,15:28:09,39,75,90,55
22/06/16,15:28:09,34,75,90,55
22/06/16,15:28:09,29,74,90,55
22/06/16,15:28:09,25,74,90,55
22/06/16,15:28:10,30,74,90,55
22/06/16,15:28:10,31,74,90,55
22/06/16,15:28:10,28,74,90,55
22/06/16,15:28:10,33,74,90,55
22/06/16,15:28:10,37,74,90,55
22/06/16,15:28:10,43,74,90,55
22/06/16,15:28:11,46,74,90,55
22/06/16,15:28:11,54,74,90,55
22/06/16,15:28:11,58,74,90,55
22/06/16,15:28:11,66,74,90,55
22/06/16,15:28:11,71,74,90,55
22/06/16,15:28:12,76,74,90,55
22/06/16,15:28:12,71,74,90,55
22/06/16,15:28:12,67,74,90,55
22/06/16,15:28:12,59,74,90,55
22/06/16,15:28:12,53,74,90,55
22/06/16,15:28:13,45,74,90,55
22/06/16,15:28:13,41,74,90,55
22/06/16,15:28:13,37,74,90,55
22/06/16,15:28:13,36,74,90,55
22/06/16,15:28:13,28,74,90,55
22/06/16,15:28:13,25,73,90,55
22/06/16,15:28:14,30,73,90,55
22/06/16,15:28:14,36,73,90,55
22/06/16,15:28:14,27,73,90,55
22/06/16,15:28:14,26,73,90,55
22/06/16,15:28:14,31,73,90,55
22/06/16,15:28:15,35,73,90,55
22/06/16,15:28:15,40,73,90,55
22/06/16,15:28:15,42,73,90,55
22/06/16,15:28:15,50,73,90,55
22/06/16,15:28:15,58,73,90,55
22/06/16,15:28:16,63,73,90,55
22/06/16,15:28:16,67,73,90,55
22/06/16,15:28:16,73,73,90,55
22/06/16,15:28:16,72,73,90,55
22/06/16,15:28:16,59,73,90,55
22/06/16,15:28:17,55,73,90,55
22/06/16,15:28:17,50,73,90,55
22/06/16,15:28:17,44,73,90,55
22/06/16,15:28:17,36,73,90,55
22/06/16,15:28:17,32,73,90,55
22/06/16,15:28:17,28,73,90,55
22/06/16,15:28:18,25,72,90,55
22/06/16,15:28:18,30,72,90,55
22/06/16,15:28:18,33,72,90,55
22/06/16,15:28:18,27,72,90,55
22/06/16,15:28:18,25,72,90,55
22/06/16,15:28:19,34,72,90,55
22/06/16,15:28:19,37,72,90,55
22/06/16,15:28:19,38,72,90,55
22/06/16,15:28:19,45,72,90,55
22/06/16,15:28:19,52,72,90,55
22/06/16,15:28:20,57,72,90,55
22/06/16,15:28:20,65,72,90,55
22/06/16,15:28:20,73,72,90,55
22/06/16,15:28:20,74,72,90,55
22/06/16,15:28:20,68,72,90,55
22/06/16,15:28:20,64,72,90,55
22/06/16,15:28:21,59,72,90,55
22/06/16,15:28:21,49,72,90,55
22/06/16,15:28:21,45,72,90,55
22/06/16,15:28:21,38,72,90,55
22/06/16,15:28:21,38,72,90,55
22/06/16,15:28:22,34,72,90,55
22/06/16,15:28:22,29,71,90,55
22/06/16,15:28:22,23,71,90,55
22/06/16,15:28:22,29,71,90,55
22/06/16,15:28:22,27,71,90,55
22/06/16,15:28:23,28,71,90,55
22/06/16,15:28:23,33,71,90,55
22/06/16,15:28:23,39,71,90,55
22/06/16,15:28:23,42,71,90,55
22/06/16,15:28:23,47,71,90,55
22/06/16,15:28:24,55,71,90,55
22/06/16,15:28:24,62,71,90,55
22/06/16,15:28:24,65,71,90,55
22/06/16,15:28:24,74,71,90,55
22/06/16,15:28:24,79,71,90,55
22/06/16,15:28:24,73,71,90,55
22/06/16,15:28:25,67,71,90,55
22/06/16,15:28:25,59,71,90,55
22/06/16,15:28:25,53,71,90,55
22/06/16,15:28:25,45,71,90,55
22/06/16,15:28:25,42,71,90,55
22/06/16,15:28:26,39,71,90,55
22/06/16,15:28:26,36,71,90,55
22/06/16,15:28:26,29,71,90,55
22/06/16,15:28:26,25,70,90,55
22/06/16,15:28:26,23,70,90,55
22/06/16,15:28:27,36,70,90,55
22/06/16,15:28:27,25,70,90,55
22/06/16,15:28:27,29,70,90,55
22/06/16,15:28:27,32,70,90,55
22/06/16,15:28:27,37,70,90,55
22/06/16,15:28:27,38,70,90,55
22/06/16,15:28:28,42,70,90,55
22/06/16,15:28:28,50,70,90,55
22/06/16,15:28:28,57,70,90,55
22/06/16,15:28:28,67,70,90,55
22/06/16,15:28:28,69,70,90,55
22/06/16,15:28:29,73,70,90,55
22/06/16,15:28:29,68,70,90,55
22/06/16,15:28:29,65,70,90,55
22/06/16,15:28:29,54,70,90,55
22/06/16,15:28:29,50,70,90,55
22/06/16,15:28:30,44,70,90,55
22/06/16,15:28:30,37,70,90,55
22/06/16,15:28:30,33,70,90,55
22/06/16,15:28:30,28,70,90,55
22/06/16,15:28:30,27,69,90,55
22/06/16,15:28:30,23,69,90,55
22/06/16,15:28:31,31,69,90,55
22/06/16,15:28:31,29,69,90,55
22/06/16,15:28:31,26,69,90,55
22/06/16,15:28:31,36,69,90,55
22/06/16,15:28:31,39,69,90,55
22/06/16,15:28:32,43,69,90,55
22/06/16,15:28:32,47,69,90,55
22/06/16,15:28:32,52,69,90,55
22/06/16,15:28:32,56,69,90,55
22/06/16,15:28:32,67,69,90,55
22/06/16,15:28:33,70,69,90,55
22/06/16,15:28:33,76,69,90,55
22/06/16,15:28:33,74,69,90,55
22/06/16,15:28:33,63,69,90,55
22/06/16,15:28:33,56,69,90,55
22/06/16,15:28:33,49,69,90,55
22/06/16,15:28:34,48,69,90,55
22/06/16,15:28:34,40,69,90,55
22/06/16,15:28:34,37,69,90,55
22/06/16,15:28:34,36,69,90,55
22/06/16,15:28:34,27,69,90,55
22/06/16,15:28:35,23,68,90,55
22/06/16,15:28:35,29,68,90,55
22/06/16,15:28:35,33,68,90,55
22/06/16,15:28:35,25,68,90,55
22/06/16,15:28:35,25,68,90,55
22/06/16,15:28:36,33,68,90,55
22/06/16,15:28:36,37,68,90,55
22/06/16,15:28:36,38,68,90,55
22/06/16,15:28:36,45,68,90,55
22/06/16,15:28:36,48,68,90,55
22/06/16,15:28:36,57,68,90,55
22/06/16,15:28:37,64,68,90,55
22/06/16,15:28:37,66,68,90,55
22/06/16,15:28:37,74,68,90,55
22/06/16,15:28:37,65,68,90,55
22/06/16,15:28:37,63,68,90,55
22/06/16,15:28:38,54,68,90,55
22/06/16,15:28:38,52,68,90,55
22/06/16,15:28:38,45,68,90,55
22/06/16,15:28:38,41,68,90,55
22/06/16,15:28:38,36,68,90,55
22/06/16,15:28:39,30,68,90,55
22/06/16,15:28:39,27,67,90,55
22/06/16,15:28:39,24,67,90,55
22/06/16,15:28:39,29,67,90,55
22/06/16,15:28:39,25,67,90,55
22/06/16,15:28:40,29,67,90,55
22/06/16,15:28:40,34,67,90,55
22/06/16,15:28:40,41,67,90,55
22/06/16,15:28:40,44,67,90,55
22/06/16,15:28:40,47,67,90,55
22/06/16,15:28:40,52,67,90,55
22/06/16,15:28:41,59,67,90,55
22/06/16,15:28:41,67,67,90,55
22/06/16,15:28:41,74,67,90,55
22/06/16,15:28:41,77,67,90,55
22/06/16,15:28:41,73,67,90,55
22/06/16,15:28:42,62,67,90,55
22/06/16,15:28:42,60,67,90,55
22/06/16,15:28:42,54,67,90,55
22/06/16,15:28:42,47,67,90,55
22/06/16,15:28:42,38,67,90,55
22/06/16,15:28:43,40,67,90,55
22/06/16,15:28:43,37,67,90,55
22/06/16,15:28:43,30,67,90,55
22/06/16,15:28:43,26,66,90,55
22/06/16,15:28:43,26,66,90,55
22/06/16,15:28:43,36,66,90,55
22/06/16,15:28:44,27,66,90,55
22/06/16,15:28:44,30,66,90,55
22/06/16,15:28:44,35,66,90,55
22/06/16,15:28:44,37,66,90,55
22/06/16,15:28:44,35,66,90,55
22/06/16,15:28:45,43,66,90,55
22/06/16,15:28:45,52,66,90,55
22/06/16,15:28:45,60,66,90,55
22/06/16,15:28:45,62,66,90,55
22/06/16,15:28:45,72,66,90,55
22/06/16,15:28:46,72,66,90,55
22/06/16,15:28:46,66,66,90,55
22/06/16,15:28:46,62,66,90,55
22/06/16,15:28:46,54,66,90,55
22/06/16,15:28:46,51,66,90,55
22/06/16,15:28:46,44,66,90,55
22/06/16,15:28:47,38,66,90,55
22/06/16,15:28:47,34,66,90,55
22/06/16,15:28:47,31,66,90,55
22/06/16,15:28:47,24,65,90,55
22/06/16,15:28:47,24,65,90,55
22/06/16,15:28:48,26,65,90,55
22/06/16,15:28:48,28,65,90,55
22/06/16,15:28:48,29,65,90,55
22/06/16,15:28:48,33,65,90,55
22/06/16,15:28:48,38,65,90,55
22/06/16,15:28:49,43,65,90,55
22/06/16,15:28:49,48,65,90,55
22/06/16,15:28:49,53,65,90,55
22/06/16,15:28:49,63,65,90,55
22/06/16,15:28:49,68,65,90,55
22/06/16,15:28:49,71,65,90,55
22/06/16,15:28:50,79,65,90,55
22/06/16,15:28:50,67,65,90,55
22/06/16,15:28:50,68,65,90,55
22/06/16,15:28:50,56,65,90,55
22/06/16,15:28:50,52,65,90,55
22/06/16,15:28:51,46,65,90,55
22/06/16,15:28:51,38,65,90,55
22/06/16,15:28:51,40,65,90,55
22/06/16,15:28:51,32,65,90,55
22/06/16,15:28:51,29,64,90,55
22/06/16,15:28:52,23,64,90,55
22/06/16,15:28:52,24,64,90,55
22/06/16,15:28:52,24,64,90,55
22/06/16,15:28:52,31,64,90,55
22/06/16,15:28:52,35,64,90,55
22/06/16,15:28:52,39,64,90,55
22/06/16,15:28:53,43,64,90,55
22/06/16,15:28:53,48,64,90,55
22/06/16,15:28:53,56,64,90,55
22/06/16,15:28:53,62,64,90,55
22/06/16,15:28:53,69,64,90,55
22/06/16,15:28:54,76,64,90,55
22/06/16,15:28:54,78,64,90,55
22/06/16,15:28:54,75,64,90,55
22/06/16,15:28:54,65,64,90,55
22/06/16,15:28:54,58,64,90,55
22/06/16,15:28:55,54,64,90,55
22/06/16,15:28:55,46,64,90,55
22/06/16,15:28:55,39,64,90,55
22/06/16,15:28:55,36,64,90,55
22/06/16,15:28:55,33,64,90,55
22/06/16,15:28:56,26,64,90,55
22/06/16,15:28:56,27,63,90,55
22/06/16,15:28:56,26,63,90,55
22/06/16,15:28:56,36,63,90,55
22/06/16,15:28:56,24,63,90,55
22/06/16,15:28:56,25,63,90,55
22/06/16,15:28:57,31,63,90,55
22/06/16,15:28:57,37,63,90,55
22/06/16,15:28:57,38,63,90,55
22/06/16,15:28:57,45,63,90,55
22/06/16,15:28:57,48,63,90,55
22/06/16,15:28:58,54,63,90,55
22/06/16,15:28:58,62,63,90,55
22/06/16,15:28:58,68,63,90,55
22/06/16,15:28:58,71,63,90,55
22/06/16,15:28:58,68,63,90,55
22/06/16,15:28:59,61,63,90,55
22/06/16,15:28:59,53,63,90,55
22/06/16,15:28:59,51,63,90,55
22/06/16,15:28:59,42,63,90,55
22/06/16,15:28:59,37,63,90,55
22/06/16,15:28:59,34,63,90,55
22/06/16,15:29:00,32,63,90,55
22/06/16,15:29:00,27,62,90,55
22/06/16,15:29:00,27,62,90,55
22/06/16,15:29:00,35,62,90,55
22/06/16,15:29:00,23,62,90,55
22/06/16,15:29:01,30,62,90,55
22/06/16,15:29:01,31,62,90,55
22/06/16,15:29:01,38,62,90,55
22/06/16,15:29:01,45,62,90,55
22/06/16,15:29:01,45,62,90,55
22/06/16,15:29:02,52,62,90,55
22/06/16,15:29:02,60,62,90,55
22/06/16,15:29:02,66,62,90,55
22/06/16,15:29:02,72,62,90,55
22/06/16,15:29:02,75,62,90,55
22/06/16,15:29:02,68,62,90,55
22/06/16,15:29:03,62,62,90,55
22/06/16,15:29:03,60,62,90,55
22/06/16,15:29:03,52,62,90,55
22/06/16,15:29:03,43,62,90,55
22/06/16,15:29:03,39,62,90,55
22/06/16,15:29:04,36,62,90,55
22/06/16,15:29:04,34,62,90,55
22/06/16,15:29:04,28,61,90,55
22/06/16,15:29:04,24,61,90,55
22/06/16,15:29:04,27,61,90,55
22/06/16,15:29:05,28,61,90,55
22/06/16,15:29:05,28,61,90,55
22/06/16,15:29:05,33,61,90,55
22/06/16,15:29:05,39,61,90,55
22/06/16,15:29:05,43,61,90,55
22/06/16,15:29:05,46,61,90,55
22/06/16,15:29:06,53,61,90,55
22/06/16,15:29:06,60,61,90,55
22/06/16,15:29:06,68,61,90,55
22/06/16,15:29:06,72,61,90,55
22/06/16,15:29:06,79,61,90,55
22/06/16,15:29:07,72,61,90,55
22/06/16,15:29:07,63,61,90,55
22/06/16,15:29:07,58,61,90,55
22/06/16,15:29:07,53,61,90,55
22/06/16,15:29:07,46,61,90,55
22/06/16,15:29:08,41,61,90,55
22/06/16,15:29:08,37,61,90,55
22/06/16,15:29:08,36,61,90,55
22/06/16,15:29:08,29,60,90,55
22/06/16,15:29:08,28,60,90,55
22/06/16,15:29:09,26,60,90,55
22/06/16,15:29:09,25,60,90,55
22/06/16,15:29:09,28,60,90,55
22/06/16,15:29:09,32,60,90,55
22/06/16,15:29:09,41,60,90,55
22/06/16,15:29:09,41,60,90,55
22/06/16,15:29:10,46,60,90,55
22/06/16,15:29:10,56,60,90,55
22/06/16,15:29:10,59,60,90,55
22/06/16,15:29:10,69,60,90,55
22/06/16,15:29:10,75,60,90,55
22/06/16,15:29:11,76,60,90,55
22/06/16,15:29:11,70,60,90,55
22/06/16,15:29:11,67,60,90,55
22/06/16,15:29:11,61,60,90,55
22/06/16,15:29:11,52,60,90,55
22/06/16,15:29:12,45,60,90,55
22/06/16,15:29:12,41,60,90,55
22/06/16,15:29:12,37,60,90,55
22/06/16,15:29:12,36,60,90,55
22/06/16,15:29:12,26,60,90,55
22/06/16,15:29:12,24,59,90,55
22/06/16,15:29:13,29,59,90,55
22/06/16,15:29:13,37,59,90,55
22/06/16,15:29:13,32,59,90,55
22/06/16,15:29:13,27,59,90,55
22/06/16,15:29:13,32,59,90,55
22/06/16,15:29:14,35,59,90,55
22/06/16,15:29:14,42,59,90,55
22/06/16,15:29:14,42,59,90,55
22/06/16,15:29:14,50,59,90,55
22/06/16,15:29:14,54,59,90,55
22/06/16,15:29:15,64,59,90,55
22/06/16,15:29:15,68,59,90,55
22/06/16,15:29:15,71,59,90,55
22/06/16,15:29:15,71,59,90,55
22/06/16,15:29:15,62,59,90,55
22/06/16,15:29:15,56,59,90,55
22/06/16,15:29:16,47,59,90,55
22/06/16,15:29:16,41,59,90,55
22/06/16,15:29:16,40,59,90,55
22/06/16,15:29:16,36,59,90,55
22/06/16,15:29:16,25,59,90,55
22/06/16,15:29:17,28,58,90,55
22/06/16,15:29:17,27,58,90,55
22/06/16,15:29:17,28,58,90,55
22/06/16,15:29:17,27,58,90,55
22/06/16,15:29:17,26,58,90,55
22/06/16,15:29:18,36,58,90,55
22/06/16,15:29:18,39,58,90,55
22/06/16,15:29:18,44,58,90,55
22/06/16,15:29:18,44,58,90,55
22/06/16,15:29:18,52,58,90,55
22/06/16,15:29:19,59,58,90,55
22/06/16,15:29:19,61,58,90,55
22/06/16,15:29:19,71,58,90,55
22/06/16,15:29:19,73,58,90,55
22/06/16,15:29:19,72,58,90,55
22/06/16,15:29:19,61,58,90,55
22/06/16,15:29:20,60,58,90,55
22/06/16,15:29:20,49,58,90,55
22/06/16,15:29:20,43,58,90,55
22/06/16,15:29:20,41,58,90,55
22/06/16,15:29:20,36,58,90,55
22/06/16,15:29:21,35,58,90,55
22/06/16,15:29:21,26,57,90,55
22/06/16,15:29:21,23,57,90,55
22/06/16,15:29:21,20,57,90,55
22/06/16,15:29:21,28,57,90,55
22/06/16,15:29:22,29,57,90,55
22/06/16,15:29:22,33,57,90,55
22/06/16,15:29:22,40,57,90,55
22/06/16,15:29:22,40,57,90,55
22/06/16,15:29:22,48,57,90,55
22/06/16,15:29:22,53,57,90,55
22/06/16,15:29:23,62,57,90,55
22/06/16,15:29:23,63,57,90,55
22/06/16,15:29:23,72,57,90,55
22/06/16,15:29:23,76,57,90,55
22/06/16,15:29:23,73,57,90,55
22/06/16,15:29:24,65,57,90,55
22/06/16,15:29:24,58,57,90,55
22/06/16,15:29:24,53,57,90,55
22/06/16,15:29:24,51,57,90,55
22/06/16,15:29:24,40,57,90,55
22/06/16,15:29:25,37,57,90,55
22/06/16,15:29:25,31,57,90,55
22/06/16,15:29:25,26,57,90,55
22/06/16,15:29:25,28,56,90,55
22/06/16,15:29:25,28,56,90,55
22/06/16,15:29:25,33,56,90,55
22/06/16,15:29:26,27,56,90,55
22/06/16,15:29:26,30,56,90,55
22/06/16,15:29:26,31,56,90,55
22/06/16,15:29:26,37,56,90,55
22/06/16,15:29:26,37,56,90,55
22/06/16,15:29:27,43,56,90,55
22/06/16,15:29:27,49,56,90,55
22/06/16,15:29:27,59,56,90,55
22/06/16,15:29:27,68,56,90,55
22/06/16,15:29:27,71,56,90,55
22/06/16,15:29:28,76,56,90,55
22/06/16,15:29:28,68,56,90,55
22/06/16,15:29:28,62,56,90,55
22/06/16,15:29:28,57,56,90,55
22/06/16,15:29:28,52,56,90,55
22/06/16,15:29:29,44,56,90,55
22/06/16,15:29:29,40,56,90,55
22/06/16,15:29:29,36,56,90,55
22/06/16,15:29:29,34,56,90,55
22/06/16,15:29:29,27,55,90,55
22/06/16,15:29:29,24,55,90,55
22/06/16,15:29:30,29,55,90,55
22/06/16,15:29:30,28,55,90,55
22/06/16,15:29:30,28,55,90,55
22/06/16,15:29:30,34,55,90,55
22/06/16,15:29:30,40,55,90,55
22/06/16,15:29:31,44,55,90,55
22/06/16,15:29:31,47,55,90,55
22/06/16,15:29:31,54,55,90,55
22/06/16,15:29:31,61,55,90,55
22/06/16,15:29:31,66,55,90,55
22/06/16,15:29:32,73,55,90,55
22/06/16,15:29:32,77,55,90,55
22/06/16,15:29:32,72,55,90,55
22/06/16,15:29:32,63,55,90,55
22/06/16,15:29:32,58,55,90,55
22/06/16,15:29:32,52,55,90,55
22/06/16,15:29:33,49,55,90,55
22/06/16,15:29:33,42,55,90,55
22/06/16,15:29:33,38,55,90,55
22/06/16,15:29:33,35,55,90,55
22/06/16,15:29:33,26,55,90,55
22/06/16,15:29:34,27,54,90,55
22/06/16,15:29:34,28,54,90,55
22/06/16,15:29:34,36,54,90,55
22/06/16,15:29:34,27,54,90,55
22/06/16,15:29:34,26,54,90,55
22/06/16,15:29:35,27,54,90,55
22/06/16,15:29:35,35,54,90,55
22/06/16,15:29:35,39,54,90,55
22/06/16,15:29:35,40,54,90,55
22/06/16,15:29:35,48,54,90,55
22/06/16,15:29:35,55,54,90,55
22/06/16,15:29:36,64,54,90,55
22/06/16,15:29:36,68,54,90,55
22/06/16,15:29:36,70,54,90,55
22/06/16,15:29:36,67,54,90,55
22/06/16,15:29:36,65,54,90,55
22/06/16,15:29:37,57,54,90,55
22/06/16,15:29:37,50,54,90,55
22/06/16,15:29:37,45,54,90,55
22/06/16,15:29:37,38,54,90,55
22/06/16,15:29:37,34,54,90,55
22/06/16,15:29:38,29,54,90,55
22/06/16,15:29:38,28,53,90,55
22/06/16,15:29:38,30,53,90,55
22/06/16,15:29:38,32,53,90,55
22/06/16,15:29:38,25,53,90,55
22/06/16,15:29:38,28,53,90,55
22/06/16,15:29:39,34,53,90,55
22/06/16,15:29:39,37,53,90,55
22/06/16,15:29:39,41,53,90,55
22/06/16,15:29:39,46,53,90,55
22/06/16,15:29:39,57,53,90,55
22/06/16,15:29:40,58,53,90,55
22/06/16,15:29:40,66,53,90,55
22/06/16,15:29:40,72,53,90,55
22/06/16,15:29:40,77,53,90,55
22/06/16,15:29:40,68,53,90,55
22/06/16,15:29:41,62,53,90,55
22/06/16,15:29:41,57,53,90,55
22/06/16,15:29:41,49,53,90,55
22/06/16,15:29:41,46,53,90,55
22/06/16,15:29:41,39,53,90,55
22/06/16,15:29:41,40,53,90,55
22/06/16,15:29:42,32,53,90,55
22/06/16,15:29:42,28,52,90,55
22/06/16,15:29:42,25,52,90,55
22/06/16,15:29:42,21,52,90,55
22/06/16,15:29:42,27,52,90,55
22/06/16,15:29:43,30,52,90,55
22/06/16,15:29:43,32,52,90,55
22/06/16,15:29:43,40,52,90,55
22/06/16,15:29:43,45,52,90,55
22/06/16,15:29:43,51,52,90,55
22/06/16,15:29:44,54,52,90,55
22/06/16,15:29:44,65,52,90,55
22/06/16,15:29:44,70,52,90,55
22/06/16,15:29:44,72,52,90,55
22/06/16,15:29:44,63,52,90,55
22/06/16,15:29:45,62,52,90,55
22/06/16,15:29:45,57,52,90,55
22/06/16,15:29:45,49,52,90,55
22/06/16,15:29:45,44,52,90,55
22/06/16,15:29:45,34,52,90,55
22/06/16,15:29:45,36,52,90,55
22/06/16,15:29:46,27,52,90,55
22/06/16,15:29:46,25,51,90,55
22/06/16,15:29:46,26,51,90,55
22/06/16,15:29:46,34,51,90,55
22/06/16,15:29:46,22,51,90,55
22/06/16,15:29:47,29,51,90,55
22/06/16,15:29:47,34,51,90,55
22/06/16,15:29:47,38,51,90,55
22/06/16,15:29:47,39,51,90,55
22/06/16,15:29:47,45,51,90,55
22/06/16,15:29:48,54,51,90,55
22/06/16,15:29:48,58,51,90,55
22/06/16,15:29:48,65,51,90,55
22/06/16,15:29:48,70,51,90,55
22/06/16,15:29:48,73,51,90,55
22/06/16,15:29:48,67,51,90,55
22/06/16,15:29:49,66,51,90,55
22/06/16,15:29:49,58,51,90,55
22/06/16,15:29:49,52,51,90,55
22/06/16,15:29:49,45,51,90,55
22/06/16,15:29:49,40,51,90,55
22/06/16,15:29:50,37,51,90,55
22/06/16,15:29:50,33,51,90,55
22/06/16,15:29:50,29,50,90,55
22/06/16,15:29:50,26,50,90,55
22/06/16,15:29:50,26,50,90,55
22/06/16,15:29:51,24,50,90,55
22/06/16,15:29:51,27,50,90,55
22/06/16,15:29:51,35,50,90,55
22/06/16,15:29:51,39,50,90,55
22/06/16,15:29:51,42,50,90,55
22/06/16,15:29:51,49,50,90,55
22/06/16,15:29:52,52,50,90,55
22/06/16,15:29:52,61,50,90,55
22/06/16,15:29:52,67,50,90,55
22/06/16,15:29:52,72,50,90,55
22/06/16,15:29:52,76,50,90,55
22/06/16,15:29:53,71,50,90,55
22/06/16,15:29:53,66,50,90,55
22/06/16,15:29:53,59,50,90,55
22/06/16,15:29:53,50,50,90,55
22/06/16,15:29:53,46,50,90,55
22/06/16,15:29:54,40,50,90,55
22/06/16,15:29:54,36,50,90,55
22/06/16,15:29:54,35,50,90,55
22/06/16,15:29:54,26,50,90,55
22/06/16,15:29:54,27,49,90,55
22/06/16,15:29:54,31,49,90,55
22/06/16,15:29:55,35,49,90,55
22/06/16,15:29:55,26,49,90,55
22/06/16,15:29:55,28,49,90,55
22/06/16,15:29:55,30,49,90,55
22/06/16,15:29:55,35,49,90,55
22/06/16,15:29:56,40,49,90,55
22/06/16,15:29:56,44,49,90,55
22/06/16,15:29:56,48,49,90,55
22/06/16,15:29:56,56,49,90,55
22/06/16,15:29:56,61,49,90,55
22/06/16,15:29:57,66,49,90,55
22/06/16,15:29:57,72,49,90,55
22/06/16,15:29:57,68,49,90,55
22/06/16,15:29:57,59,49,90,55
22/06/16,15:29:57,52,49,90,55
22/06/16,15:29:57,50,49,90,55
22/06/16,15:29:58,42,49,90,55
22/06/16,15:29:58,42,49,90,55
22/06/16,15:29:58,32,49,90,55
22/06/16,15:29:58,28,49,90,55
22/06/16,15:29:58,27,48,90,55
22/06/16,15:29:59,24,48,90,55
22/06/16,15:29:59,26,48,90,55
22/06/16,15:29:59,29,48,90,55
22/06/16,15:29:59,28,48,90,55
22/06/16,15:29:59,35,48,90,55
22/06/16,15:30:00,36,48,90,55
22/06/16,15:30:00,42,48,90,55
22/06/16,15:30:00,46,48,90,55
22/06/16,15:30:00,54,48,90,55
22/06/16,15:30:00,63,48,90,55
22/06/16,15:30:01,63,48,90,55
22/06/16,15:30:01,74,48,90,55
22/06/16,15:30:01,74,48,90,55
22/06/16,15:30:01,69,48,90,55
22/06/16,15:30:01,62,48,90,55
22/06/16,15:30:01,59,48,90,55
22/06/16,15:30:02,51,48,90,55
22/06/16,15:30:02,45,48,90,55
22/06/16,15:30:02,41,48,90,55
22/06/16,15:30:02,35,48,90,55
22/06/16,15:30:02,32,48,90,55
22/06/16,15:30:03,29,47,90,55
22/06/16,15:30:03,27,47,90,55
22/06/16,15:30:03,25,47,90,55
22/06/16,15:30:03,26,47,90,55
22/06/16,15:30:03,28,47,90,55
22/06/16,15:30:04,33,47,90,55
22/06/16,15:30:04,40,47,90,55
22/06/16,15:30:04,44,47,90,55
22/06/16,15:30:04,51,47,90,55
22/06/16,15:30:04,53,47,90,55
22/06/16,15:30:04,61,47,90,55
22/06/16,15:30:05,67,47,90,55
22/06/16,15:30:05,73,47,90,55
22/06/16,15:30:05,79,47,90,55
22/06/16,15:30:05,73,47,90,55
22/06/16,15:30:05,64,47,90,55
22/06/16,15:30:06,61,47,90,55
22/06/16,15:30:06,55,47,90,55
22/06/16,15:30:06,51,47,90,55
22/06/16,15:30:06,44,47,90,55
22/06/16,15:30:06,37,47,90,55
22/06/16,15:30:07,35,47,90,55
22/06/16,15:30:07,27,47,90,55
22/06/16,15:30:07,25,46,90,55
22/06/16,15:30:07,29,46,90,55
22/06/16,15:30:07,33,46,90,55
22/06/16,15:30:07,29,46,90,55
22/06/16,15:30:08,26,46,90,55
22/06/16,15:30:08,33,46,90,55
22/06/16,15:30:08,37,46,90,55
22/06/16,15:30:08,39,46,90,55
22/06/16,15:30:08,45,46,90,55
22/06/16,15:30:09,50,46,90,55
22/06/16,15:30:09,56,46,90,55
22/06/16,15:30:09,61,46,90,55
22/06/16,15:30:09,69,46,90,55
22/06/16,15:30:09,72,46,90,55
22/06/16,15:30:10,65,46,90,55
22/06/16,15:30:10,63,46,90,55
22/06/16,15:30:10,54,46,90,55
22/06/16,15:30:10,51,46,90,55
22/06/16,15:30:10,44,46,90,55
22/06/16,15:30:10,36,46,90,55
22/06/16,15:30:11,35,46,90,55
22/06/16,15:30:11,29,46,90,55
22/06/16,15:30:11,26,45,90,55
22/06/16,15:30:11,24,45,90,55
22/06/16,15:30:11,32,45,90,55
22/06/16,15:30:12,28,45,90,55
22/06/16,15:30:12,26,45,90,55
22/06/16,15:30:12,34,45,90,55
22/06/16,15:30:12,37,45,90,55
22/06/16,15:30:12,41,45,90,55
22/06/16,15:30:13,46,45,90,55
22/06/16,15:30:13,53,45,90,55
22/06/16,15:30:13,58,45,90,55
22/06/16,15:30:13,65,45,90,55
22/06/16,15:30:13,70,45,90,55
22/06/16,15:30:14,74,45,90,55
22/06/16,15:30:14,70,45,90,55
22/06/16,15:30:14,61,45,90,55
22/06/16,15:30:14,60,45,90,55
22/06/16,15:30:14,50,45,90,55
22/06/16,15:30:14,44,45,90,55
22/06/16,15:30:15,41,45,90,55
22/06/16,15:30:15,37,45,90,55
22/06/16,15:30:15,32,45,90,55
22/06/16,15:30:15,26,44,90,55
22/06/16,15:30:15,25,44,90,55
22/06/16,15:30:16,28,44,90,55
22/06/16,15:30:16,25,44,90,55
22/06/16,15:30:16,27,44,90,55
22/06/16,15:30:16,32,44,90,55
22/06/16,15:30:16,39,44,90,55
22/06/16,15:30:17,41,44,90,55
22/06/16,15:30:17,45,44,90,55
22/06/16,15:30:17,52,44,90,55
22/06/16,15:30:17,60,44,90,55
22/06/16,15:30:17,65,44,90,55
22/06/16,15:30:17,73,44,90,55
22/06/16,15:30:18,74,44,90,55
22/06/16,15:30:18,69,44,90,55
22/06/16,15:30:18,63,44,90,55
22/06/16,15:30:18,57,44,90,55
22/06/16,15:30:18,53,44,90,55
22/06/16,15:30:19,48,44,90,55
22/06/16,15:30:19,41,44,90,55
22/06/16,15:30:19,37,44,90,55
22/06/16,15:30:19,31,44,90,55
22/06/16,15:30:19,26,43,90,55
22/06/16,15:30:20,25,43,90,55
22/06/16,15:30:20,25,43,90,55
22/06/16,15:30:20,27,43,90,55
22/06/16,15:30:20,32,43,90,55
22/06/16,15:30:20,35,43,90,55
22/06/16,15:30:20,37,43,90,55
22/06/16,15:30:21,41,43,90,55
22/06/16,15:30:21,46,43,90,55
22/06/16,15:30:21,55,43,90,55
22/06/16,15:30:21,64,43,90,55
22/06/16,15:30:21,67,43,90,55
22/06/16,15:30:22,73,43,90,55
22/06/16,15:30:22,79,43,90,55
22/06/16,15:30:22,71,43,90,55
22/06/16,15:30:22,65,43,90,55
22/06/16,15:30:22,59,43,90,55
22/06/16,15:30:23,50,43,90,55
22/06/16,15:30:23,49,43,90,55
22/06/16,15:30:23,45,43,90,55
22/06/16,15:30:23,38,43,90,55
22/06/16,15:30:23,34,43,90,55
22/06/16,15:30:24,27,43,90,55
22/06/16,15:30:24,26,42,90,55
22/06/16,15:30:24,26,42,90,55
22/06/16,15:30:24,35,42,90,55
22/06/16,15:30:24,23,42,90,55
22/06/16,15:30:24,28,42,90,55
22/06/16,15:30:25,28,42,90,55
22/06/16,15:30:25,34,42,90,55
22/06/16,15:30:25,43,42,90,55
22/06/16,15:30:25,43,42,90,55
22/06/16,15:30:25,49,42,90,55
22/06/16,15:30:26,57,42,90,55
22/06/16,15:30:26,65,42,90,55
22/06/16,15:30:26,67,42,90,55
22/06/16,15:30:26,75,42,90,55
22/06/16,15:30:26,68,42,90,55
22/06/16,15:30:27,63,42,90,55
22/06/16,15:30:27,54,42,90,55
22/06/16,15:30:27,49,42,90,55
22/06/16,15:30:27,43,42,90,55
22/06/16,15:30:27,38,42,90,55
22/06/16,15:30:27,33,42,90,55
22/06/16,15:30:28,31,42,90,55
22/06/16,15:30:28,27,41,90,55
22/06/16,15:30:28,24,41,90,55
22/06/16,15:30:28,30,41,90,55
22/06/16,15:30:28,25,41,90,55
22/06/16,15:30:29,29,41,90,55
22/06/16,15:30:29,33,41,90,55
22/06/16,15:30:29,38,41,90,55
22/06/16,15:30:29,39,41,90,55
22/06/16,15:30:29,47,41,90,55
22/06/16,15:30:30,52,41,90,55
22/06/16,15:30:30,59,41,90,55
22/06/16,15:30:30,65,41,90,55
22/06/16,15:30:30,72,41,90,55
22/06/16,15:30:30,77,41,90,55
22/06/16,15:30:30,69,41,90,55
22/06/16,15:30:31,62,41,90,55
22/06/16,15:30:31,55,41,90,55
22/06/16,15:30:31,50,41,90,55
22/06/16,15:30:31,44,41,90,55
22/06/16,15:30:31,39,41,90,55
22/06/16,15:30:32,39,41,90,55
22/06/16,15:30:32,34,41,90,55
22/06/16,15:30:32,27,40,90,55
22/06/16,15:30:32,23,40,90,55
22/06/16,15:30:32,25,40,90,55
22/06/16,15:30:33,26,40,90,55
22/06/16,15:30:33,27,40,90,55
22/06/16,15:30:33,32,40,90,55
22/06/16,15:30:33,40,40,90,55
22/06/16,15:30:33,42,40,90,55
22/06/16,15:30:34,46,40,90,55
22/06/16,15:30:34,53,40,90,55
22/06/16,15:30:34,58,40,90,55
22/06/16,15:30:34,66,40,90,55
22/06/16,15:30:34,73,40,90,55
22/06/16,15:30:34,77,40,90,55
22/06/16,15:30:35,69,40,90,55
22/06/16,15:30:35,63,40,90,55
22/06/16,15:30:35,58,40,90,55
22/06/16,15:30:35,48,40,90,55
22/06/16,15:30:35,44,40,90,55
22/06/16,15:30:36,41,40,90,55
22/06/16,15:30:36,36,40,90,55
22/06/16,15:30:36,35,40,90,55
22/06/16,15:30:36,24,39,90,55
22/06/16,15:30:36,26,39,90,55
22/06/16,15:30:37,26,39,90,55
22/06/16,15:30:37,25,39,90,55
22/06/16,15:30:37,26,39,90,55
22/06/16,15:30:37,36,39,90,55
22/06/16,15:30:37,38,39,90,55
22/06/16,15:30:37,43,39,90,55
22/06/16,15:30:38,53,39,90,55
22/06/16,15:30:38,55,39,90,55
22/06/16,15:30:38,61,39,90,55
22/06/16,15:30:38,70,39,90,55
22/06/16,15:30:38,73,39,90,55
22/06/16,15:30:39,79,39,90,55
22/06/16,15:30:39,74,39,90,55
22/06/16,15:30:39,67,39,90,55
22/06/16,15:30:39,59,39,90,55
22/06/16,15:30:39,53,39,90,55
22/06/16,15:30:40,47,39,90,55
22/06/16,15:30:40,41,39,90,55
22/06/16,15:30:40,37,39,90,55
22/06/16,15:30:40,33,39,90,55
22/06/16,15:30:40,29,39,90,55
22/06/16,15:30:40,24,38,90,55
22/06/16,15:30:41,26,38,90,55
22/06/16,15:30:41,35,38,90,55
22/06/16,15:30:41,27,38,90,55
22/06/16,15:30:41,28,38,90,55
22/06/16,15:30:41,32,38,90,55
22/06/16,15:30:42,36,38,90,55
22/06/16,15:30:42,40,38,90,55
22/06/16,15:30:42,41,38,90,55
22/06/16,15:30:42,50,38,90,55
22/06/16,15:30:42,56,38,90,55
22/06/16,15:30:43,64,38,90,55
22/06/16,15:30:43,69,38,90,55
22/06/16,15:30:43,72,38,90,55
22/06/16,15:30:43,68,38,90,55
22/06/16,15:30:43,64,38,90,55
22/06/16,15:30:43,56,38,90,55
22/06/16,15:30:44,46,38,90,55
22/06/16,15:30:44,42,38,90,55
22/06/16,15:30:44,42,38,90,55
22/06/16,15:30:44,34,38,90,55
22/06/16,15:30:44,29,38,90,55
22/06/16,15:30:45,26,37,90,55
22/06/16,15:30:45,25,37,90,55
22/06/16,15:30:45,29,37,90,55
22/06/16,15:30:45,28,37,90,55
22/06/16,15:30:45,28,37,90,55
22/06/16,15:30:46,33,37,90,55
22/06/16,15:30:46,37,37,90,55
22/06/16,15:30:46,41,37,90,55
22/06/16,15:30:46,47,37,90,55
22/06/16,15:30:46,54,37,90,55
22/06/16,15:30:46,59,37,90,55
22/06/16,15:30:47,65,37,90,55
22/06/16,15:30:47,75,37,90,55
22/06/16,15:30:47,78,37,90,55
22/06/16,15:30:47,73,37,90,55
22/06/16,15:30:47,64,37,90,55
22/06/16,15:30:48,57,37,90,55
22/06/16,15:30:48,53,37,90,55
22/06/16,15:30:48,46,37,90,55
22/06/16,15:30:48,43,37,90,55
22/06/16,15:30:48,35,37,90,55
22/06/16,15:30:49,36,37,90,55
22/06/16,15:30:49,30,37,90,55
22/06/16,15:30:49,25,36,90,55
22/06/16,15:30:49,28,36,90,55
22/06/16,15:30:49,36,36,90,55
22/06/16,15:30:50,26,36,90,55
22/06/16,15:30:50,27,36,90,55
22/06/16,15:30:50,30,36,90,55
22/06/16,15:30:50,37,36,90,55
22/06/16,15:30:50,38,36,90,55
22/06/16,15:30:50,43,36,90,55
22/06/16,15:30:51,50,36,90,55
22/06/16,15:30:51,54,36,90,55
22/06/16,15:30:51,61,36,90,55
22/06/16,15:30:51,70,36,90,55
22/06/16,15:30:51,72,36,90,55
22/06/16,15:30:52,64,36,90,55
22/06/16,15:30:52,61,36,90,55
22/06/16,15:30:52,56,36,90,55
22/06/16,15:30:52,50,36,90,55
22/06/16,15:30:52,41,36,90,55
22/06/16,15:30:53,41,36,90,55
22/06/16,15:30:53,35,36,90,55
22/06/16,15:30:53,26,36,90,55
22/06/16,15:30:53,26,35,90,55
22/06/16,15:30:53,26,35,90,55
22/06/16,15:30:53,35,35,90,55
22/06/16,15:30:54,23,35,90,55
22/06/16,15:30:54,26,35,90,55
22/06/16,15:30:54,30,35,90,55
22/06/16,15:30:54,36,35,90,55
22/06/16,15:30:54,40,35,90,55
22/06/16,15:30:55,45,35,90,55
22/06/16,15:30:55,52,35,90,55
22/06/16,15:30:55,59,35,90,55
22/06/16,15:30:55,61,35,90,55
22/06/16,15:30:55,71,35,90,55
22/06/16,15:30:56,72,35,90,55
22/06/16,15:30:56,70,35,90,55
22/06/16,15:30:56,64,35,90,55
22/06/16,15:30:56,54,35,90,55
22/06/16,15:30:56,46,35,90,55
22/06/16,15:30:56,40,35,90,55
22/06/16,15:30:57,38,35,90,55
22/06/16,15:30:57,33,35,90,55
22/06/16,15:30:57,32,35,90,55
22/06/16,15:30:57,28,34,90,55
22/06/16,15:30:57,24,34,90,55
22/06/16,15:30:58,29,34,90,55
22/06/16,15:30:58,28,34,90,55
22/06/16,15:30:58,26,34,90,55
22/06/16,15:30:58,31,34,90,55
22/06/16,15:30:58,40,34,90,55
22/06/16,15:30:59,43,34,90,55
22/06/16,15:30:59,44,34,90,55
22/06/16,15:30:59,54,34,90,55
22/06/16,15:30:59,56,34,90,55
22/06/16,15:30:59,67,34,90,55
22/06/16,15:30:59,72,34,90,55
22/06/16,15:31:00,78,34,90,55
22/06/16,15:31:00,70,34,90,55
22/06/16,15:31:00,63,34,90,55
22/06/16,15:31:00,61,34,90,55
22/06/16,15:31:00,52,34,90,55
22/06/16,15:31:01,47,34,90,55
22/06/16,15:31:01,40,34,90,55
22/06/16,15:31:01,36,34,90,55
22/06/16,15:31:01,34,34,90,55
22/06/16,15:31:01,27,33,90,55
22/06/16,15:31:02,26,33,90,55
22/06/16,15:31:02,27,33,90,55
22/06/16,15:31:02,26,33,90,55
22/06/16,15:31:02,30,33,90,55
22/06/16,15:31:02,35,33,90,55
22/06/16,15:31:03,40,33,90,55
22/06/16,15:31:03,42,33,90,55
22/06/16,15:31:03,51,33,90,55
22/06/16,15:31:03,55,33,90,55
22/06/16,15:31:03,62,33,90,55
22/06/16,15:31:03,68,33,90,55
22/06/16,15:31:04,74,33,90,55
22/06/16,15:31:04,66,33,90,55
22/06/16,15:31:04,59,33,90,55
22/06/16,15:31:04,54,33,90,55
22/06/16,15:31:04,49,33,90,55
22/06/16,15:31:05,43,33,90,55
22/06/16,15:31:05,40,33,90,55
22/06/16,15:31:05,35,33,90,55
22/06/16,15:31:05,29,33,90,55
22/06/16,15:31:05,25,32,90,55
22/06/16,15:31:06,23,32,90,55
22/06/16,15:31:06,30,32,90,55
22/06/16,15:31:06,27,32,90,55
22/06/16,15:31:06,28,32,90,55
22/06/16,15:31:06,36,32,90,55
22/06/16,15:31:06,40,32,90,55
22/06/16,15:31:07,38,32,90,55
22/06/16,15:31:07,47,32,90,55
22/06/16,15:31:07,51,32,90,55
22/06/16,15:31:07,57,32,90,55
22/06/16,15:31:07,65,32,90,55
22/06/16,15:31:08,73,32,90,55
22/06/16,15:31:08,72,32,90,55
22/06/16,15:31:08,71,32,90,55
22/06/16,15:31:08,65,32,90,55
22/06/16,15:31:08,58,32,90,55
22/06/16,15:31:09,52,32,90,55
22/06/16,15:31:09,44,32,90,55
22/06/16,15:31:09,40,32,90,55
22/06/16,15:31:09,34,32,90,55
22/06/16,15:31:09,31,32,90,55
22/06/16,15:31:09,27,31,90,55
22/06/16,15:31:10,23,31,90,55
22/06/16,15:31:10,28,31,90,55
22/06/16,15:31:10,31,31,90,55
22/06/16,15:31:10,26,31,90,55
22/06/16,15:31:10,33,31,90,55
22/06/16,15:31:11,36,31,90,55
22/06/16,15:31:11,39,31,90,55
22/06/16,15:31:11,48,31,90,55
22/06/16,15:31:11,51,31,90,55
22/06/16,15:31:11,58,31,90,55
22/06/16,15:31:12,68,31,90,55
22/06/16,15:31:12,72,31,90,55
22/06/16,15:31:12,74,31,90,55
22/06/16,15:31:12,72,31,90,55
22/06/16,15:31:12,65,31,90,55
22/06/16,15:31:12,56,31,90,55
22/06/16,15:31:13,52,31,90,55
22/06/16,15:31:13,46,31,90,55
22/06/16,15:31:13,40,31,90,55
22/06/16,15:31:13,38,31,90,55
22/06/16,15:31:13,33,31,90,55
22/06/16,15:31:14,25,31,90,55
22/06/16,15:31:14,28,30,90,55
22/06/16,15:31:14,29,30,90,55
22/06/16,15:31:14,37,30,90,55
22/06/16,15:31:14,25,30,90,55
22/06/16,15:31:15,28,30,90,55
22/06/16,15:31:15,31,30,90,55
22/06/16,15:31:15,36,30,90,55
22/06/16,15:31:15,39,30,90,55
22/06/16,15:31:15,43,30,90,55
22/06/16,15:31:16,50,30,90,55
22/06/16,15:31:16,55,30,90,55
22/06/16,15:31:16,63,30,90,55
22/06/16,15:31:16,72,30,90,55
22/06/16,15:31:16,72,30,90,55
22/06/16,15:31:16,63,30,90,55
22/06/16,15:31:17,61,30,90,55
22/06/16,15:31:17,55,30,90,55
22/06/16,15:31:17,48,30,90,55
22/06/16,15:31:17,43,30,90,55
22/06/16,15:31:17,39,30,90,55
22/06/16,15:31:18,34,30,90,55
22/06/16,15:31:18,28,30,90,55
22/06/16,15:31:18,27,29,90,55
22/06/16,15:31:18,27,29,90,55
22/06/16,15:31:18,30,29,90,55
22/06/16,15:31:19,25,29,90,55
22/06/16,15:31:19,30,29,90,55
22/06/16,15:31:19,31,29,90,55
22/06/16,15:31:19,38,29,90,55
22/06/16,15:31:19,40,29,90,55
22/06/16,15:31:19,51,29,90,55
22/06/16,15:31:20,52,29,90,55
22/06/16,15:31:20,57,29,90,55
22/06/16,15:31:20,66,29,90,55
22/06/16,15:31:20,70,29,90,55
22/06/16,15:31:20,77,29,90,55
22/06/16,15:31:21,73,29,90,55
22/06/16,15:31:21,65,29,90,55
22/06/16,15:31:21,55,29,90,55
22/06/16,15:31:21,52,29,90,55
22/06/16,15:31:21,46,29,90,55
22/06/16,15:31:22,41,29,90,55
22/06/16,15:31:22,41,29,90,55
22/06/16,15:31:22,33,29,90,55
22/06/16,15:31:22,28,28,90,55
22/06/16,15:31:22,25,28,90,55
22/06/16,15:31:22,23,28,90,55
22/06/16,15:31:23,25,28,90,55
22/06/16,15:31:23,30,28,90,55
22/06/16,15:31:23,35,28,90,55
22/06/16,15:31:23,40,28,90,55
22/06/16,15:31:23,42,28,90,55
22/06/16,15:31:24,44,28,90,55
22/06/16,15:31:24,53,28,90,55
22/06/16,15:31:24,62,28,90,55
22/06/16,15:31:24,68,28,90,55
22/06/16,15:31:24,73,28,90,55
22/06/16,15:31:25,76,28,90,55
22/06/16,15:31:25,73,28,90,55
22/06/16,15:31:25,63,28,90,55
22/06/16,15:31:25,59,28,90,55
22/06/16,15:31:25,54,28,90,55
22/06/16,15:31:26,45,28,90,55
22/06/16,15:31:26,43,28,90,55
22/06/16,15:31:26,36,28,90,55
22/06/16,15:31:26,37,28,90,55
22/06/16,15:31:26,29,28,90,55
22/06/16,15:31:26,26,27,90,55
22/06/16,15:31:27,33,27,90,55
22/06/16,15:31:27,35,27,90,55
22/06/16,15:31:27,27,27,90,55
22/06/16,15:31:27,30,27,90,55
22/06/16,15:31:27,32,27,90,55
22/06/16,15:31:28,35,27,90,55
22/06/16,15:31:28,40,27,90,55
22/06/16,15:31:28,43,27,90,55
22/06/16,15:31:28,51,27,90,55
22/06/16,15:31:28,58,27,90,55
22/06/16,15:31:29,64,27,90,55
22/06/16,15:31:29,72,27,90,55
22/06/16,15:31:29,78,27,90,55
22/06/16,15:31:29,66,27,90,55
22/06/16,15:31:29,62,27,90,55
22/06/16,15:31:29,54,27,90,55
22/06/16,15:31:30,52,27,90,55
22/06/16,15:31:30,43,27,90,55
22/06/16,15:31:30,36,27,90,55
22/06/16,15:31:30,34,27,90,55
22/06/16,15:31:30,31,27,90,55
22/06/16,15:31:31,23,26,90,55
22/06/16,15:31:31,28,26,90,55
22/06/16,15:31:31,28,26,90,55
22/06/16,15:31:31,29,26,90,55
22/06/16,15:31:31,30,26,90,55
22/06/16,15:31:32,34,26,90,55
22/06/16,15:31:32,39,26,90,55
22/06/16,15:31:32,39,26,90,55
22/06/16,15:31:32,48,26,90,55
22/06/16,15:31:32,55,26,90,55
22/06/16,15:31:32,60,26,90,55
22/06/16,15:31:33,63,26,90,55
22/06/16,15:31:33,73,26,90,55
22/06/16,15:31:33,76,26,90,55
22/06/16,15:31:33,69,26,90,55
22/06/16,15:31:33,65,26,90,55
22/06/16,15:31:34,59,26,90,55
22/06/16,15:31:34,52,26,90,55
22/06/16,15:31:34,43,26,90,55
22/06/16,15:31:34,38,26,90,55
22/06/16,15:31:34,36,26,90,55
22/06/16,15:31:35,29,26,90,55
22/06/16,15:31:35,26,25,90,55
22/06/16,15:31:35,25,25,90,55
22/06/16,15:31:35,32,25,90,55
22/06/16,15:31:35,27,25,90,55
22/06/16,15:31:36,28,25,90,55
22/06/16,15:31:36,32,25,90,55
22/06/16,15:31:36,37,25,90,55
22/06/16,15:31:36,45,25,90,55
22/06/16,15:31:36,47,25,90,55
22/06/16,15:31:36,55,25,90,55
22/06/16,15:31:37,59,25,90,55
22/06/16,15:31:37,70,25,90,55
22/06/16,15:31:37,72,25,90,55
22/06/16,15:31:37,76,25,90,55
22/06/16,15:31:37,69,25,90,55
22/06/16,15:31:38,62,25,90,55
22/06/16,15:31:38,57,25,90,55
22/06/16,15:31:38,50,25,90,55
22/06/16,15:31:38,48,25,90,55
22/06/16,15:31:38,39,25,90,55
22/06/16,15:31:39,34,25,90,55
22/06/16,15:31:39,34,25,90,55
22/06/16,15:31:39,27,25,90,55
22/06/16,15:31:39,26,24,90,55
22/06/16,15:31:39,28,24,90,55
22/06/16,15:31:39,31,24,90,55
22/06/16,15:31:40,23,24,90,55
22/06/16,15:31:40,28,24,90,55
22/06/16,15:31:40,33,24,90,55
22/06/16,15:31:40,36,24,90,55
22/06/16,15:31:40,40,24,90,55
22/06/16,15:31:41,43,24,90,55
22/06/16,15:31:41,49,24,90,55
22/06/16,15:31:41,58,24,90,55
22/06/16,15:31:41,61,24,90,55
22/06/16,15:31:41,72,24,90,55
22/06/16,15:31:42,74,24,90,55
22/06/16,15:31:42,66,24,90,55
22/06/16,15:31:42,62,24,90,55
22/06/16,15:31:42,58,24,90,55
22/06/16,15:31:42,49,24,90,55
22/06/16,15:31:42,42,24,90,55
22/06/16,15:31:43,38,24,90,55
22/06/16,15:31:43,34,24,90,55
22/06/16,15:31:43,30,24,90,55
22/06/16,15:31:43,26,23,90,55
22/06/16,15:31:43,25,23,90,55
22/06/16,15:31:44,32,23,90,55
22/06/16,15:31:44,24,23,90,55
22/06/16,15:31:44,28,23,90,55
22/06/16,15:31:44,31,23,90,55
22/06/16,15:31:44,35,23,90,55
22/06/16,15:31:45,40,23,90,55
22/06/16,15:31:45,44,23,90,55
22/06/16,15:31:45,53,23,90,55
22/06/16,15:31:45,62,23,90,55
22/06/16,15:31:45,65,23,90,55
22/06/16,15:31:45,72,23,90,55
22/06/16,15:31:46,75,23,90,55
22/06/16,15:31:46,70,23,90,55
22/06/16,15:31:46,65,23,90,55
22/06/16,15:31:46,57,23,90,55
22/06/16,15:31:46,48,23,90,55
22/06/16,15:31:47,43,23,90,55
22/06/16,15:31:47,38,23,90,55
22/06/16,15:31:47,36,23,90,55
22/06/16,15:31:47,31,23,90,55
22/06/16,15:31:47,29,22,90,55
22/06/16,15:31:48,25,22,90,55
22/06/16,15:31:48,31,22,90,55
22/06/16,15:31:48,28,22,90,55
22/06/16,15:31:48,28,22,90,55
22/06/16,15:31:48,34,22,90,55
22/06/16,15:31:48,38,22,90,55
22/06/16,15:31:49,40,22,90,55
22/06/16,15:31:49,46,22,90,55
22/06/16,15:31:49,53,22,90,55
22/06/16,15:31:49,59,22,90,55
22/06/16,15:31:49,67,22,90,55
22/06/16,15:31:50,73,22,90,55
22/06/16,15:31:50,75,22,90,55
22/06/16,15:31:50,69,22,90,55
22/06/16,15:31:50,65,22,90,55
22/06/16,15:31:50,57,22,90,55
22/06/16,15:31:51,52,22,90,55
22/06/16,15:31:51,48,22,90,55
22/06/16,15:31:51,36,22,90,55
22/06/16,15:31:51,37,22,90,55
22/06/16,15:31:51,30,22,90,55
22/06/16,15:31:52,29,21,90,55
22/06/16,15:31:52,25,21,90,55
22/06/16,15:31:52,25,21,90,55
22/06/16,15:31:52,24,21,90,55
22/06/16,15:31:52,29,21,90,55
22/06/16,15:31:52,35,21,90,55
22/06/16,15:31:53,38,21,90,55
22/06/16,15:31:53,42,21,90,55
22/06/16,15:31:53,49,21,90,55
22/06/16,15:31:53,53,21,90,55
22/06/16,15:31:53,63,21,90,55
22/06/16,15:31:54,67,21,90,55
22/06/16,15:31:54,70,21,90,55
22/06/16,15:31:54,79,21,90,55
22/06/16,15:31:54,70,21,90,55
22/06/16,15:31:54,64,21,90,55
22/06/16,15:31:55,57,21,90,55
22/06/16,15:31:55,51,21,90,55
22/06/16,15:31:55,46,21,90,55
22/06/16,15:31:55,42,21,90,55
22/06/16,15:31:55,39,21,90,55
22/06/16,15:31:55,33,21,90,55
22/06/16,15:31:56,26,21,90,55
22/06/16,15:31:56,26,20,90,55
22/06/16,15:31:56,28,20,90,55
22/06/16,15:31:56,35,20,90,55
22/06/16,15:31:56,30,20,90,55
22/06/16,15:31:57,26,20,90,55
22/06/16,15:31:57,31,20,90,55
22/06/16,15:31:57,32,20,90,55
22/06/16,15:31:57,40,20,90,55
22/06/16,15:31:57,44,20,90,55
22/06/16,15:31:58,50,20,90,55
22/06/16,15:31:58,58,20,90,55
22/06/16,15:31:58,62,20,90,55
22/06/16,15:31:58,67,20,90,55
22/06/16,15:31:58,74,20,90,55
22/06/16,15:31:58,66,20,90,55
22/06/16,15:31:59,63,20,90,55
22/06/16,15:31:59,52,20,90,55
22/06/16,15:31:59,47,20,90,55
22/06/16,15:31:59,41,20,90,55
22/06/16,15:31:59,40,20,90,55
22/06/16,15:32:00,34,20,90,55
22/06/16,15:32:00,28,20,90,55
22/06/16,15:32:00,27,19,90,55
22/06/16,15:32:00,26,19,90,55
22/06/16,15:32:00,31,19,90,55
22/06/16,15:32:01,25,19,90,55
22/06/16,15:32:01,26,19,90,55
22/06/16,15:32:01,32,19,90,55
22/06/16,15:32:01,38,19,90,55
22/06/16,15:32:01,40,19,90,55
22/06/16,15:32:01,44,19,90,55
22/06/16,15:32:02,51,19,90,55
22/06/16,15:32:02,55,19,90,55
22/06/16,15:32:02,65,19,90,55
22/06/16,15:32:02,69,19,90,55
22/06/16,15:32:02,73,19,90,55
22/06/16,15:32:03,68,19,90,55
22/06/16,15:32:03,60,19,90,55
22/06/16,15:32:03,54,19,90,55
22/06/16,15:32:03,52,19,90,55
22/06/16,15:32:03,43,19,90,55
22/06/16,15:32:04,38,19,90,55
22/06/16,15:32:04,37,19,90,55
22/06/16,15:32:04,31,19,90,55
22/06/16,15:32:04,29,18,90,55
22/06/16,15:32:04,24,18,90,55
22/06/16,15:32:05,29,18,90,55
22/06/16,15:32:05,26,18,90,55
22/06/16,15:32:05,27,18,90,55
22/06/16,15:32:05,35,18,90,55
22/06/16,15:32:05,37,18,90,55
22/06/16,15:32:05,43,18,90,55
22/06/16,15:32:06,50,18,90,55
22/06/16,15:32:06,55,18,90,55
22/06/16,15:32:06,61,18,90,55
22/06/16,15:32:06,66,18,90,55
22/06/16,15:32:06,73,18,90,55
22/06/16,15:32:07,77,18,90,55
22/06/16,15:32:07,75,18,90,55
22/06/16,15:32:07,65,18,90,55
22/06/16,15:32:07,57,18,90,55
22/06/16,15:32:07,53,18,90,55
22/06/16,15:32:08,44,18,90,55
22/06/16,15:32:08,43,18,90,55
22/06/16,15:32:08,38,18,90,55
22/06/16,15:32:08,34,18,90,55
22/06/16,15:32:08,29,18,90,55
22/06/16,15:32:08,26,17,90,55
22/06/16,15:32:09,29,17,90,55
22/06/16,15:32:09,35,17,90,55
22/06/16,15:32:09,29,17,90,55
22/06/16,15:32:09,28,17,90,55
22/06/16,15:32:09,30,17,90,55
22/06/16,15:32:10,37,17,90,55
22/06/16,15:32:10,40,17,90,55
22/06/16,15:32:10,45,17,90,55
22/06/16,15:32:10,47,17,90,55
22/06/16,15:32:10,56,17,90,55
22/06/16,15:32:11,61,17,90,55
22/06/16,15:32:11,69,17,90,55
22/06/16,15:32:11,74,17,90,55
22/06/16,15:32:11,68,17,90,55
22/06/16,15:32:11,59,17,90,55
22/06/16,15:32:12,55,17,90,55
22/06/16,15:32:12,48,17,90,55
22/06/16,15:32:12,43,17,90,55
22/06/16,15:32:12,41,17,90,55
22/06/16,15:32:12,34,17,90,55
22/06/16,15:32:12,30,17,90,55
22/06/16,15:32:13,27,16,90,55
22/06/16,15:32:13,27,16,90,55
22/06/16,15:32:13,29,16,90,55
22/06/16,15:32:13,28,16,90,55
22/06/16,15:32:13,28,16,90,55
22/06/16,15:32:14,32,16,90,55
22/06/16,15:32:14,38,16,90,55
22/06/16,15:32:14,39,16,90,55
22/06/16,15:32:14,47,16,90,55
22/06/16,15:32:14,53,16,90,55
22/06/16,15:32:15,57,16,90,55
22/06/16,15:32:15,64,16,90,55
22/06/16,15:32:15,72,16,90,55
22/06/16,15:32:15,76,16,90,55
22/06/16,15:32:15,71,16,90,55
22/06/16,15:32:15,65,16,90,55
22/06/16,15:32:16,59,16,90,55
22/06/16,15:32:16,51,16,90,55
22/06/16,15:32:16,45,16,90,55
22/06/16,15:32:16,38,16,90,55
22/06/16,15:32:16,37,16,90,55
22/06/16,15:32:17,30,16,90,55
22/06/16,15:32:17,29,15,90,55
22/06/16,15:32:17,22,15,90,55
22/06/16,15:32:17,28,15,90,55
22/06/16,15:32:17,27,15,90,55
22/06/16,15:32:18,30,15,90,55
22/06/16,15:32:18,34,15,90,55
22/06/16,15:32:18,38,15,90,55
22/06/16,15:32:18,43,15,90,55
22/06/16,15:32:18,47,15,90,55
22/06/16,15:32:18,53,15,90,55
22/06/16,15:32:19,59,15,90,55
22/06/16,15:32:19,65,15,90,55
22/06/16,15:32:19,73,15,90,55
22/06/16,15:32:19,77,15,90,55
22/06/16,15:32:19,67,15,90,55
22/06/16,15:32:20,64,15,90,55
22/06/16,15:32:20,58,15,90,55
22/06/16,15:32:20,51,15,90,55
22/06/16,15:32:20,48,15,90,55
22/06/16,15:32:20,42,15,90,55
22/06/16,15:32:21,35,15,90,55
22/06/16,15:32:21,36,15,90,55
22/06/16,15:32:21,22,15,90,55
22/06/16,15:32:21,25,14,90,55
22/06/16,15:32:21,31,14,90,55
22/06/16,15:32:21,34,14,90,55
22/06/16,15:32:22,28,14,90,55
22/06/16,15:32:22,28,14,90,55
22/06/16,15:32:22,31,14,90,55
22/06/16,15:32:22,38,14,90,55
22/06/16,15:32:22,38,14,90,55
22/06/16,15:32:23,45,14,90,55
22/06/16,15:32:23,51,14,90,55
22/06/16,15:32:23,59,14,90,55
22/06/16,15:32:23,66,14,90,55
22/06/16,15:32:23,72,14,90,55
22/06/16,15:32:24,73,14,90,55
22/06/16,15:32:24,73,14,90,55
22/06/16,15:32:24,61,14,90,55
22/06/16,15:32:24,55,14,90,55
22/06/16,15:32:24,49,14,90,55
22/06/16,15:32:25,43,14,90,55
22/06/16,15:32:25,35,14,90,55
22/06/16,15:32:25,34,14,90,55
22/06/16,15:32:25,29,14,90,55
22/06/16,15:32:25,26,13,90,55
22/06/16,15:32:25,28,13,90,55
22/06/16,15:32:26,33,13,90,55
22/06/16,15:32:26,28,13,90,55
22/06/16,15:32:26,27,13,90,55
22/06/16,15:32:26,33,13,90,55
22/06/16,15:32:26,36,13,90,55
22/06/16,15:32:27,40,13,90,55
22/06/16,15:32:27,46,13,90,55
22/06/16,15:32:27,52,13,90,55
22/06/16,15:32:27,60,13,90,55
22/06/16,15:32:27,65,13,90,55
22/06/16,15:32:28,68,13,90,55
22/06/16,15:32:28,75,13,90,55
22/06/16,15:32:28,70,13,90,55
22/06/16,15:32:28,61,13,90,55
22/06/16,15:32:28,59,13,90,55
22/06/16,15:32:28,50,13,90,55
22/06/16,15:32:29,45,13,90,55
22/06/16,15:32:29,40,13,90,55
22/06/16,15:32:29,36,13,90,55
22/06/16,15:32:29,32,13,90,55
22/06/16,15:32:29,29,12,90,55
22/06/16,15:32:30,25,12,90,55
22/06/16,15:32:30,25,12,90,55
22/06/16,15:32:30,24,12,90,55
22/06/16,15:32:30,29,12,90,55
22/06/16,15:32:30,33,12,90,55
22/06/16,15:32:31,39,12,90,55
22/06/16,15:32:31,42,12,90,55
22/06/16,15:32:31,46,12,90,55
22/06/16,15:32:31,53,12,90,55
22/06/16,15:32:31,61,12,90,55
22/06/16,15:32:31,67,12,90,55
22/06/16,15:32:32,74,12,90,55
22/06/16,15:32:32,79,12,90,55
22/06/16,15:32:32,72,12,90,55
22/06/16,15:32:32,67,12,90,55
22/06/16,15:32:32,60,12,90,55
22/06/16,15:32:33,52,12,90,55
22/06/16,15:32:33,47,12,90,55
22/06/16,15:32:33,41,12,90,55
22/06/16,15:32:33,37,12,90,55
22/06/16,15:32:33,34,12,90,55
22/06/16,15:32:34,24,12,90,55
22/06/16,15:32:34,25,11,90,55
22/06/16,15:32:34,31,11,90,55
22/06/16,15:32:34,35,11,90,55
22/06/16,15:32:34,27,11,90,55
22/06/16,15:32:34,23,11,90,55
22/06/16,15:32:35,30,11,90,55
22/06/16,15:32:35,33,11,90,55
22/06/16,15:32:35,39,11,90,55
22/06/16,15:32:35,45,11,90,55
22/06/16,15:32:35,48,11,90,55
22/06/16,15:32:36,56,11,90,55
22/06/16,15:32:36,60,11,90,55
22/06/16,15:32:36,69,11,90,55
22/06/16,15:32:36,70,11,90,55
22/06/16,15:32:36,65,11,90,55
22/06/16,15:32:37,62,11,90,55
22/06/16,15:32:37,53,11,90,55
22/06/16,15:32:37,50,11,90,55
22/06/16,15:32:37,42,11,90,55
22/06/16,15:32:37,35,11,90,55
22/06/16,15:32:37,34,11,90,55
22/06/16,15:32:38,30,11,90,55
22/06/16,15:32:38,28,10,90,55
22/06/16,15:32:38,24,10,90,55
22/06/16,15:32:38,34,10,90,55
22/06/16,15:32:38,26,10,90,55
22/06/16,15:32:39,27,10,90,55
22/06/16,15:32:39,33,10,90,55
22/06/16,15:32:39,36,10,90,55
22/06/16,15:32:39,39,10,90,55
22/06/16,15:32:39,46,10,90,55
22/06/16,15:32:40,50,10,90,55
22/06/16,15:32:40,58,10,90,55
22/06/16,15:32:40,66,10,90,55
22/06/16,15:32:40,71,10,90,55
22/06/16,15:32:40,75,10,90,55
22/06/16,15:32:41,70,10,90,55
22/06/16,15:32:41,62,10,90,55
22/06/16,15:32:41,60,10,90,55
22/06/16,15:32:41,50,10,90,55
22/06/16,15:32:41,44,10,90,55
22/06/16,15:32:41,37,10,90,55
22/06/16,15:32:42,39,10,90,55
22/06/16,15:32:42,30,10,90,55
22/06/16,15:32:42,27,9,90,55
22/06/16,15:32:42,24,9,90,55
22/06/16,15:32:42,29,9,90,55
22/06/16,15:32:43,27,9,90,55
22/06/16,15:32:43,29,9,90,55
22/06/16,15:32:43,34,9,90,55
22/06/16,15:32:43,37,9,90,55
22/06/16,15:32:43,41,9,90,55
22/06/16,15:32:44,51,9,90,55
22/06/16,15:32:44,52,9,90,55
22/06/16,15:32:44,62,9,90,55
22/06/16,15:32:44,65,9,90,55
22/06/16,15:32:44,74,9,90,55
22/06/16,15:32:44,78,9,90,55
22/06/16,15:32:45,70,9,90,55
22/06/16,15:32:45,63,9,90,55
22/06/16,15:32:45,60,9,90,55
22/06/16,15:32:45,50,9,90,55
22/06/16,15:32:45,46,9,90,55
22/06/16,15:32:46,41,9,90,55
22/06/16,15:32:46,40,9,90,55
22/06/16,15:32:46,34,9,90,55
22/06/16,15:32:46,27,8,90,55
22/06/16,15:32:46,26,8,90,55
22/06/16,15:32:47,26,8,90,55
22/06/16,15:32:47,25,8,90,55
22/06/16,15:32:47,29,8,90,55
22/06/16,15:32:47,36,8,90,55
22/06/16,15:32:47,40,8,90,55
22/06/16,15:32:47,46,8,90,55
22/06/16,15:32:48,52,8,90,55
22/06/16,15:32:48,53,8,90,55
22/06/16,15:32:48,60,8,90,55
22/06/16,15:32:48,68,8,90,55
22/06/16,15:32:48,71,8,90,55
22/06/16,15:32:49,77,8,90,55
22/06/16,15:32:49,72,8,90,55
22/06/16,15:32:49,68,8,90,55
22/06/16,15:32:49,60,8,90,55
22/06/16,15:32:49,53,8,90,55
22/06/16,15:32:50,41,8,90,55
22/06/16,15:32:50,40,8,90,55
22/06/16,15:32:50,37,8,90,55
22/06/16,15:32:50,35,8,90,55
22/06/16,15:32:50,28,8,90,55
22/06/16,15:32:50,24,7,90,55
22/06/16,15:32:51,24,7,90,55
22/06/16,15:32:51,36,7,90,55
22/06/16,15:32:51,27,7,90,55
22/06/16,15:32:51,28,7,90,55
22/06/16,15:32:51,29,7,90,55
22/06/16,15:32:52,35,7,90,55
22/06/16,15:32:52,42,7,90,55
22/06/16,15:32:52,46,7,90,55
22/06/16,15:32:52,50,7,90,55
22/06/16,15:32:52,59,7,90,55
22/06/16,15:32:53,64,7,90,55
22/06/16,15:32:53,67,7,90,55
22/06/16,15:32:53,73,7,90,55
22/06/16,15:32:53,65,7,90,55
22/06/16,15:32:53,59,7,90,55
22/06/16,15:32:53,56,7,90,55
22/06/16,15:32:54,49,7,90,55
22/06/16,15:32:54,41,7,90,55
22/06/16,15:32:54,40,7,90,55
22/06/16,15:32:54,35,7,90,55
22/06/16,15:32:54,29,7,90,55
22/06/16,15:32:55,25,6,90,55
22/06/16,15:32:55,23,6,90,55
22/06/16,15:32:55,32,6,90,55
22/06/16,15:32:55,26,6,90,55
22/06/16,15:32:55,28,6,90,55
22/06/16,15:32:56,31,6,90,55
22/06/16,15:32:56,37,6,90,55
22/06/16,15:32:56,40,6,90,55
22/06/16,15:32:56,47,6,90,55
22/06/16,15:32:56,52,6,90,55
22/06/16,15:32:57,57,6,90,55
22/06/16,15:32:57,64,6,90,55
22/06/16,15:32:57,65,6,90,55
22/06/16,15:32:57,72,6,90,55
22/06/16,15:32:57,70,6,90,55
22/06/16,15:32:57,61,6,90,55
22/06/16,15:32:58,56,6,90,55
22/06/16,15:32:58,47,6,90,55
22/06/16,15:32:58,44,6,90,55
22/06/16,15:32:58,36,6,90,55
22/06/16,15:32:58,39,6,90,55
22/06/16,15:32:59,32,6,90,55
22/06/16,15:32:59,33,5,90,55
22/06/16,15:32:59,24,5,90,55
22/06/16,15:32:59,32,5,90,55
22/06/16,15:32:59,26,5,90,55
22/06/16,15:33:00,27,5,90,55
22/06/16,15:33:00,33,5,90,55
22/06/16,15:33:00,35,5,90,55
22/06/16,15:33:00,42,5,90,55
22/06/16,15:33:00,46,5,90,55
22/06/16,15:33:00,51,5,90,55
22/06/16,15:33:01,59,5,90,55
22/06/16,15:33:01,66,5,90,55
22/06/16,15:33:01,73,5,90,55
22/06/16,15:33:01,77,5,90,55
22/06/16,15:33:01,70,5,90,55
22/06/16,15:33:02,63,5,90,55
22/06/16,15:33:02,58,5,90,55
22/06/16,15:33:02,51,5,90,55
22/06/16,15:33:02,49,5,90,55
22/06/16,15:33:02,41,5,90,55
22/06/16,15:33:03,37,5,90,55
22/06/16,15:33:03,31,5,90,55
22/06/16,15:33:03,27,4,90,55
22/06/16,15:33:03,23,4,90,55
22/06/16,15:33:03,27,4,90,55
22/06/16,15:33:03,25,4,90,55
22/06/16,15:33:04,29,4,90,55
22/06/16,15:33:04,34,4,90,55
22/06/16,15:33:04,37,4,90,55
22/06/16,15:33:04,45,4,90,55
22/06/16,15:33:04,47,4,90,55
22/06/16,15:33:05,54,4,90,55
22/06/16,15:33:05,59,4,90,55
22/06/16,15:33:05,68,4,90,55
22/06/16,15:33:05,76,4,90,55
22/06/16,15:33:05,83,4,90,55
22/06/16,15:33:06,74,4,90,55
22/06/16,15:33:06,65,4,90,55
22/06/16,15:33:06,60,4,90,55
22/06/16,15:33:06,55,4,90,55
22/06/16,15:33:06,46,4,90,55
22/06/16,15:33:07,43,4,90,55
22/06/16,15:33:07,37,4,90,55
22/06/16,15:33:07,33,4,90,55
22/06/16,15:33:07,28,4,90,55
22/06/16,15:33:07,25,3,90,55
22/06/16,15:33:07,28,3,90,55
22/06/16,15:33:08,31,3,90,55
22/06/16,15:33:08,27,3,90,55
22/06/16,15:33:08,27,3,90,55
22/06/16,15:33:08,33,3,90,55
22/06/16,15:33:08,39,3,90,55
22/06/16,15:33:09,42,3,90,55
22/06/16,15:33:09,45,3,90,55
22/06/16,15:33:09,53,3,90,55
22/06/16,15:33:09,56,3,90,55
22/06/16,15:33:09,62,3,90,55
22/06/16,15:33:10,69,3,90,55
22/06/16,15:33:10,71,3,90,55
22/06/16,15:33:10,69,3,90,55
22/06/16,15:33:10,62,3,90,55
22/06/16,15:33:10,53,3,90,55
22/06/16,15:33:10,52,3,90,55
22/06/16,15:33:11,43,3,90,55
22/06/16,15:33:11,41,3,90,55
22/06/16,15:33:11,33,3,90,55
22/06/16,15:33:11,28,3,90,55
22/06/16,15:33:11,22,2,90,55
22/06/16,15:33:12,25,2,90,55
22/06/16,15:33:12,26,2,90,55
22/06/16,15:33:12,27,2,90,55
22/06/16,15:33:12,26,2,90,55
22/06/16,15:33:12,32,2,90,55
22/06/16,15:33:13,38,2,90,55
22/06/16,15:33:13,46,2,90,55
22/06/16,15:33:13,47,2,90,55
22/06/16,15:33:13,52,2,90,55
22/06/16,15:33:13,59,2,90,55
22/06/16,15:33:13,65,2,90,55
22/06/16,15:33:14,71,2,90,55
22/06/16,15:33:14,74,2,90,55
22/06/16,15:33:14,68,2,90,55
22/06/16,15:33:14,62,2,90,55
22/06/16,15:33:14,59,2,90,55
22/06/16,15:33:15,51,2,90,55
22/06/16,15:33:15,45,2,90,55
22/06/16,15:33:15,41,2,90,55
22/06/16,15:33:15,36,2,90,55
22/06/16,15:33:15,33,2,90,55
22/06/16,15:33:16,28,1,90,55
22/06/16,15:33:16,22,1,90,55
22/06/16,15:33:16,24,1,90,55
22/06/16,15:33:16,27,1,90,55
22/06/16,15:33:16,28,1,90,55
22/06/16,15:33:16,35,1,90,55
22/06/16,15:33:17,35,1,90,55
22/06/16,15:33:17,40,1,90,55
22/06/16,15:33:17,46,1,90,55
22/06/16,15:33:17,52,1,90,55
22/06/16,15:33:17,61,1,90,55
22/06/16,15:33:18,68,1,90,55
22/06/16,15:33:18,73,1,90,55
22/06/16,15:33:18,76,1,90,55
22/06/16,15:33:18,72,1,90,55
22/06/16,15:33:18,64,1,90,55
22/06/16,15:33:19,61,1,90,55
22/06/16,15:33:19,52,1,90,55
22/06/16,15:33:19,44,1,90,55
22/06/16,15:33:19,41,1,90,55
22/06/16,15:33:19,37,1,90,55
22/06/16,15:33:19,34,1,90,55
22/06/16,15:33:20,27,1,90,55